id,name,entity_type,summary,aliases,operator,base_geography_kind,base_geography_code,countries_covered,stages,focuses,official_website,founder_route,sources,verified_on,source_profile,dataset_version,dataset_date,license
accelerator:500-global-flagship,500 Global Flagship Accelerator,accelerator,500 Global Flagship Accelerator is a structured acceleration program operated by 500 Global.,[],500 Global,country,US,"[""GLOBAL""]","[""not_disclosed""]","[""not_disclosed""]",https://500.co/founders/flagship,https://500.co/founders/flagship,"[{""kind"":""official_application"",""title"":""500 Global Flagship Accelerator"",""url"":""https://500.co/founders/flagship""}]",2026-07-27,ecosystem/accelerators/united-states/500-global-flagship.md,2026-07-27,2026-07-27,CC0-1.0
accelerator:500-latam,500 LatAm Accelerator,accelerator,500 LatAm Accelerator is a structured acceleration program operated by 500 Global.,[],500 Global,country,MX,"[""LATAM""]","[""not_disclosed""]","[""not_disclosed""]",https://latam.aplica.500.co/es/programa,https://latam.aplica.500.co/es/programa,"[{""kind"":""official_application"",""title"":""500 LatAm Accelerator"",""url"":""https://latam.aplica.500.co/es/programa""}]",2026-07-27,ecosystem/accelerators/mexico/500-latam.md,2026-07-27,2026-07-27,CC0-1.0
accelerator:ace-amazonia-impacto,Programa de Aceleração de Startups de Impacto na Amazônia,accelerator,Programa de Aceleração de Startups de Impacto na Amazônia is a structured acceleration program operated by ACE Ventures.,"[""Coalizão pelo Impacto Amazônia""]",ACE Ventures,country,BR,"[""BR""]","[""not_disclosed""]","[""not_disclosed""]",https://aceventures.com.br/coalizao-pelo-impacto/,https://aceventures.com.br/coalizao-pelo-impacto/,"[{""kind"":""official_application"",""title"":""Programa de Aceleração de Startups de Impacto na Amazônia"",""url"":""https://aceventures.com.br/coalizao-pelo-impacto/""}]",2026-07-27,ecosystem/accelerators/brazil/ace-amazonia-impacto.md,2026-07-27,2026-07-27,CC0-1.0
accelerator:ace-funses1-digital,Aceleração Digital FUNSES1,accelerator,Aceleração Digital FUNSES1 is a structured acceleration program operated by ACE Ventures.,"[""FUNSES1""]",ACE Ventures,country,BR,"[""BR""]","[""not_disclosed""]","[""not_disclosed""]",https://aceventures.com.br/aceleracao-digital/,https://aceventures.com.br/aceleracao-digital/,"[{""kind"":""official_application"",""title"":""Aceleração Digital FUNSES1"",""url"":""https://aceventures.com.br/aceleracao-digital/""}]",2026-07-27,ecosystem/accelerators/brazil/ace-funses1-digital.md,2026-07-27,2026-07-27,CC0-1.0
accelerator:alchemist-flagship,Alchemist Flagship,accelerator,Alchemist Flagship is a structured acceleration program operated by Alchemist Accelerator.,[],Alchemist Accelerator,country,US,"[""GLOBAL""]","[""not_disclosed""]","[""not_disclosed""]",https://www.alchemistaccelerator.com/,https://www.alchemistaccelerator.com/,"[{""kind"":""official_application"",""title"":""Alchemist Flagship"",""url"":""https://www.alchemistaccelerator.com/""}]",2026-07-27,ecosystem/accelerators/united-states/alchemist-flagship.md,2026-07-27,2026-07-27,CC0-1.0
accelerator:aws-generative-ai,AWS Generative AI Accelerator,accelerator,AWS Generative AI Accelerator is a structured acceleration program operated by Amazon Web Services.,[],Amazon Web Services,country,US,"[""GLOBAL"",""LATAM""]","[""seed""]","[""not_disclosed""]",https://aws.amazon.com/aws-startups/learn/the-2025-aws-generative-ai-accelerator-40-startups-shooting-for-the-stars/?lang=en-US,https://aws.amazon.com/aws-startups/learn/the-2025-aws-generative-ai-accelerator-40-startups-shooting-for-the-stars/?lang=en-US,"[{""kind"":""official_application"",""title"":""AWS Generative AI Accelerator"",""url"":""https://aws.amazon.com/aws-startups/learn/the-2025-aws-generative-ai-accelerator-40-startups-shooting-for-the-stars/?lang=en-US""}]",2026-07-27,ecosystem/accelerators/united-states/aws-generative-ai.md,2026-07-27,2026-07-27,CC0-1.0
accelerator:berkeley-skydeck,Berkeley SkyDeck Accelerator,accelerator,Berkeley SkyDeck Accelerator is a structured acceleration program operated by Berkeley SkyDeck.,[],Berkeley SkyDeck,country,US,"[""GLOBAL""]","[""not_disclosed""]","[""not_disclosed""]",https://skydeck.berkeley.edu/apply/,https://skydeck.berkeley.edu/apply/,"[{""kind"":""official_application"",""title"":""Berkeley SkyDeck Accelerator"",""url"":""https://skydeck.berkeley.edu/apply/""}]",2026-07-27,ecosystem/accelerators/united-states/berkeley-skydeck.md,2026-07-27,2026-07-27,CC0-1.0
accelerator:boost,Boost Acceleration Camp,accelerator,Boost Acceleration Camp is a structured acceleration program operated by Boost.,"[""Boost"",""Boost AC""]",Boost,country,DO,"[""LATAM""]","[""pre_seed""]","[""not_disclosed""]",https://www.boost.do/,https://www.boost.do/aplica-ahora,"[{""kind"":""official_application"",""title"":""Boost Acceleration Camp Application"",""url"":""https://www.boost.do/aplica-ahora""},{""kind"":""official_website"",""title"":""Boost Acceleration Camp"",""url"":""https://www.boost.do/""}]",2026-07-27,ecosystem/accelerators/dominican-republic/boost.md,2026-07-27,2026-07-27,CC0-1.0
accelerator:capital-empreendedor-rj,Capital Empreendedor RJ,accelerator,Capital Empreendedor RJ is a structured acceleration program operated by Sebrae Rio de Janeiro.,"[""Sebrae Capital Empreendedor""]",Sebrae Rio de Janeiro,country,BR,"[""BR""]","[""not_disclosed""]","[""not_disclosed""]",https://sites.rj.sebrae.com.br/clickfinancas/capital-empreendedor%E2%80%8B,https://sites.rj.sebrae.com.br/clickfinancas/capital-empreendedor%E2%80%8B,"[{""kind"":""official_application"",""title"":""Capital Empreendedor"",""url"":""https://sites.rj.sebrae.com.br/clickfinancas/capital-empreendedor%E2%80%8B""}]",2026-07-27,ecosystem/accelerators/brazil/capital-empreendedor-rj.md,2026-07-27,2026-07-27,CC0-1.0
accelerator:darwin-scale,Darwin Scale,accelerator,Darwin Scale is a structured acceleration program operated by Darwin Startups.,"[""Darwin Startups""]",Darwin Startups,country,BR,"[""BR""]","[""not_disclosed""]","[""not_disclosed""]",https://www.darwinstartups.com/darwinscale,https://www.darwinstartups.com/darwinscale,"[{""kind"":""official_application"",""title"":""Darwin Scale"",""url"":""https://www.darwinstartups.com/darwinscale""}]",2026-07-27,ecosystem/accelerators/brazil/darwin-scale.md,2026-07-27,2026-07-27,CC0-1.0
accelerator:founder-institute-latam,Founder Institute LatAm Fall 2026,accelerator,Founder Institute LatAm Fall 2026 is a structured acceleration program operated by Founder Institute.,[],Founder Institute,country,US,"[""LATAM""]","[""pre_seed""]","[""not_disclosed""]",https://fi.co/core/14694,https://fi.co/core/14694,"[{""kind"":""official_application"",""title"":""Founder Institute LatAm Fall 2026"",""url"":""https://fi.co/core/14694""}]",2026-07-27,ecosystem/accelerators/united-states/founder-institute-latam.md,2026-07-27,2026-07-27,CC0-1.0
accelerator:ganesha-go-europe,"The Ganesha Lab, Go Europe Connect",accelerator,"The Ganesha Lab, Go Europe Connect is a structured acceleration program operated by The Ganesha Lab.","[""The Ganesha Lab"",""Go Europe Connect 2026""]",The Ganesha Lab,country,CL,"[""LATAM""]","[""not_disclosed""]","[""not_disclosed""]",https://theganeshalab.com/go-europe-connect-2026/,https://forms.office.com/pages/responsepage.aspx?id=1bCPJMkQPUitABqAub20sthbAhhbSulAjPd-GERpdGBUN1oxWlg2U0dTRDhHRlVLQUVBOFhaVFJWWCQlQCN0PWcu&lang=en-US&route=shorturl,"[{""kind"":""official_website"",""title"":""Our programs"",""url"":""https://theganeshalab.com/programs/""},{""kind"":""official_website"",""title"":""Go Europe Connect 2026"",""url"":""https://theganeshalab.com/go-europe-connect-2026/""}]",2026-07-27,ecosystem/accelerators/chile/ganesha-go-europe.md,2026-07-27,2026-07-27,CC0-1.0
accelerator:gb-ventures,Programa de Aceleração GB Ventures,accelerator,Programa de Aceleração GB Ventures is a structured acceleration program operated by Grupo Boticário.,"[""Aceleração Grupo Boticário"",""GB Ventures 6ª edição""]",Grupo Boticário,country,BR,"[""BR""]","[""not_disclosed""]","[""not_disclosed""]",https://ventures.grupoboticario.com.br/aceleracao,https://ventures.grupoboticario.com.br/aceleracao,"[{""kind"":""official_website"",""title"":""Selecionadas Programa Aceleração"",""url"":""https://ventures.grupoboticario.com.br/novidades/startupsselecionadas2026""}]",2026-07-27,ecosystem/accelerators/brazil/gb-ventures.md,2026-07-27,2026-07-27,CC0-1.0
accelerator:google-ai-cybersecurity-latam,Google for Startups Accelerator: AI for Cybersecurity Latin America,accelerator,Google for Startups Accelerator: AI for Cybersecurity Latin America is a structured acceleration program operated by Google for Startups.,[],Google for Startups,country,US,"[""LATAM""]","[""not_disclosed""]","[""not_disclosed""]",https://blog.google/company-news/outreach-and-initiatives/entrepreneurs/google-for-startups-ai-for-cybersecurity-cohort/,https://blog.google/company-news/outreach-and-initiatives/entrepreneurs/google-for-startups-ai-for-cybersecurity-cohort/,"[{""kind"":""official_application"",""title"":""Google for Startups Accelerator: AI for Cybersecurity Latin America"",""url"":""https://blog.google/company-news/outreach-and-initiatives/entrepreneurs/google-for-startups-ai-for-cybersecurity-cohort/""}]",2026-07-27,ecosystem/accelerators/united-states/google-ai-cybersecurity-latam.md,2026-07-27,2026-07-27,CC0-1.0
accelerator:google-for-startups-brazil,Google for Startups Accelerator: Brazil,accelerator,Google for Startups Accelerator: Brazil is a structured acceleration program operated by Google for Startups.,"[""Google Accelerator Brasil""]",Google for Startups,country,US,"[""BR""]","[""seed"",""series_a""]","[""not_disclosed""]",https://startup.google.com.br/intl/pt-BR/programs/accelerator/brazil/,https://startup.google.com.br/intl/pt-BR/programs/accelerator/brazil/,"[{""kind"":""official_application"",""title"":""Google for Startups Accelerator: Brazil"",""url"":""https://startup.google.com.br/intl/pt-BR/programs/accelerator/brazil/""}]",2026-07-27,ecosystem/accelerators/united-states/google-for-startups-brazil.md,2026-07-27,2026-07-27,CC0-1.0
accelerator:grid-transform,GRIDX Transform,accelerator,GRIDX Transform is a structured acceleration program operated by GRIDX.,[],GRIDX,country,AR,"[""LATAM""]","[""not_disclosed""]","[""not_disclosed""]",https://www.gridexponential.com/es/aplicar-como-emprendedor,https://www.gridexponential.com/es/aplicar-como-emprendedor,"[{""kind"":""official_application"",""title"":""GRIDX Transform"",""url"":""https://www.gridexponential.com/es/aplicar-como-emprendedor""}]",2026-07-27,ecosystem/accelerators/argentina/grid-transform.md,2026-07-27,2026-07-27,CC0-1.0
accelerator:innovalab,Aceleradora InnovaLab Mujeres Tech,accelerator,Aceleradora InnovaLab Mujeres Tech is a structured acceleration program operated by Cámara de Comercio de Bogotá.,[],Cámara de Comercio de Bogotá,country,CO,"[""CO""]","[""not_disclosed""]","[""not_disclosed""]",https://www.ccb.org.co/es/servicios/haz-crecer-tu-empresa/innovacion-empresarial/aceleradora-innovalab,https://www.ccb.org.co/es/servicios/haz-crecer-tu-empresa/innovacion-empresarial/aceleradora-innovalab,"[{""kind"":""official_application"",""title"":""Aceleradora InnovaLab Mujeres Tech"",""url"":""https://www.ccb.org.co/es/servicios/haz-crecer-tu-empresa/innovacion-empresarial/aceleradora-innovalab""}]",2026-07-27,ecosystem/accelerators/colombia/innovalab.md,2026-07-27,2026-07-27,CC0-1.0
accelerator:inovativa-brasil,InovAtiva Brasil,accelerator,InovAtiva Brasil is a structured acceleration program operated by InovAtiva.,"[""InovAtiva""]",InovAtiva,country,BR,"[""BR""]","[""not_disclosed""]","[""not_disclosed""]",https://www.inovativa.online/inovativa-brasil/,https://www.inovativa.online/inovativa-brasil/,"[{""kind"":""official_application"",""title"":""InovAtiva Brasil"",""url"":""https://www.inovativa.online/inovativa-brasil/""},{""kind"":""secondary"",""title"":""Quem pode se inscrever nos programas InovAtiva"",""url"":""https://www.gov.br/mdic/pt-br/acesso-a-informacao/perguntas-frequentes-faq/secretaria-de-desenvolvimento-industrial-inovacao-comercio-e-servicos/quem-pode-se-inscrever-e""}]",2026-07-27,ecosystem/accelerators/brazil/inovativa-brasil.md,2026-07-27,2026-07-27,CC0-1.0
accelerator:magical,Magical Accelerator,accelerator,Magical Accelerator is a structured acceleration program operated by Magical Startups.,[],Magical Startups,country,CL,"[""LATAM""]","[""not_disclosed""]","[""not_disclosed""]",https://magicalstartups.com/accelerator/,https://magicalstartups.com/accelerator/,"[{""kind"":""official_application"",""title"":""Magical Accelerator"",""url"":""https://magicalstartups.com/accelerator/""}]",2026-07-27,ecosystem/accelerators/chile/magical.md,2026-07-27,2026-07-27,CC0-1.0
accelerator:parallel18,P18,accelerator,P18 is a structured acceleration program operated by Parallel18.,[],Parallel18,country,PR,"[""GLOBAL"",""PR""]","[""not_disclosed""]","[""not_disclosed""]",https://parallel18.com/p18/,https://parallel18.com/p18/,"[{""kind"":""official_application"",""title"":""P18"",""url"":""https://parallel18.com/p18/""}]",2026-07-27,ecosystem/accelerators/puerto-rico/parallel18.md,2026-07-27,2026-07-27,CC0-1.0
accelerator:seedstars-lif-caf-rural-tech,LIF CAF Rural Tech,accelerator,LIF CAF Rural Tech is a structured acceleration program operated by Seedstars.,[],Seedstars,country,CH,"[""CARIBBEAN"",""LATAM""]","[""not_disclosed""]","[""not_disclosed""]",https://www.seedstars.com/community/entrepreneurs/programs/,https://www.seedstars.com/community/entrepreneurs/programs/,"[{""kind"":""official_application"",""title"":""LIF CAF Rural Tech"",""url"":""https://www.seedstars.com/community/entrepreneurs/programs/""}]",2026-07-27,ecosystem/accelerators/switzerland/seedstars-lif-caf-rural-tech.md,2026-07-27,2026-07-27,CC0-1.0
accelerator:tecnoparq-acelera,tecnoPARQ Acelera,accelerator,tecnoPARQ Acelera is a structured acceleration program operated by tecnoPARQ / CENTEV-UFV.,"[""tecnoPARQ Acelera 2026""]",tecnoPARQ / CENTEV-UFV,country,BR,"[""BR""]","[""not_disclosed""]","[""not_disclosed""]",https://centev.ufv.br/servico/tecnoparq-acelera/,https://centev.ufv.br/servico/tecnoparq-acelera/,"[{""kind"":""official_application"",""title"":""tecnoPARQ Acelera, 8ª edição 2026"",""url"":""https://centev.ufv.br/servico/tecnoparq-acelera/""}]",2026-07-27,ecosystem/accelerators/brazil/tecnoparq-acelera.md,2026-07-27,2026-07-27,CC0-1.0
accelerator:utec,Aceleradora UTEC Ventures,accelerator,Aceleradora UTEC Ventures is a structured acceleration program operated by UTEC Ventures.,[],UTEC Ventures,country,PE,"[""PE""]","[""not_disclosed""]","[""not_disclosed""]",https://utecventures.com/startups/aceleradora-uv,https://utecventures.com/startups/aceleradora-uv,"[{""kind"":""official_application"",""title"":""Aceleradora UTEC Ventures - 15G"",""url"":""https://utecventures.com/startups/aceleradora-uv""}]",2026-07-27,ecosystem/accelerators/peru/utec.md,2026-07-27,2026-07-27,CC0-1.0
accelerator:ventiur-acelera-impacto,Acelera Impacto,accelerator,Acelera Impacto is a structured acceleration program operated by Ventiur.,"[""Ventiur Acelera Impacto""]",Ventiur,country,BR,"[""BR""]","[""not_disclosed""]","[""not_disclosed""]",https://conteudo.ventiur.net/acelera-impacto,https://conteudo.ventiur.net/acelera-impacto,"[{""kind"":""official_application"",""title"":""Acelera Impacto"",""url"":""https://conteudo.ventiur.net/acelera-impacto""}]",2026-07-27,ecosystem/accelerators/brazil/ventiur-acelera-impacto.md,2026-07-27,2026-07-27,CC0-1.0
accelerator:wow,WOW Acceleration Program,accelerator,WOW Acceleration Program is a structured acceleration program operated by WOW.,"[""WOW Aceleradora"",""WOW Batch 35""]",WOW,country,BR,"[""BR""]","[""not_disclosed""]","[""not_disclosed""]",https://www.wow.ac/,https://www.wow.ac/como-funciona,"[{""kind"":""official_application"",""title"":""Como funciona a aceleração"",""url"":""https://www.wow.ac/como-funciona""}]",2026-07-27,ecosystem/accelerators/brazil/wow.md,2026-07-27,2026-07-27,CC0-1.0
accelerator:y-combinator,Y Combinator Fall 2026,accelerator,Y Combinator Fall 2026 is a structured acceleration program operated by Y Combinator.,[],Y Combinator,country,US,"[""GLOBAL""]","[""growth""]","[""not_disclosed""]",https://www.ycombinator.com/apply,https://www.ycombinator.com/apply,"[{""kind"":""official_application"",""title"":""Y Combinator Fall 2026"",""url"":""https://www.ycombinator.com/apply""}]",2026-07-27,ecosystem/accelerators/united-states/y-combinator.md,2026-07-27,2026-07-27,CC0-1.0
angel_network:angelhub,AngelHub,angel_network,members,[],AngelHub,country,MX,"[""LATAM"",""MX""]","[""angel""]","[""not_disclosed""]",https://www.angelhub.mx/,,"[{""kind"":""official_thesis"",""title"":""AngelHub investment thesis, check range, and process"",""url"":""https://www.angelhub.mx/""},{""kind"":""official_activity"",""title"":""Official July 2026 batch activity"",""url"":""https://es.linkedin.com/posts/angelhubclub_ecuadortechweek-startupgrind-vcreversepitch-activity-7483629335380336640-eJ6F""}]",2026-07-27,ecosystem/angel-networks/mexico/angelhub.md,2026-07-27,2026-07-27,CC0-1.0
angel_network:anjos-do-brasil,Anjos do Brasil,angel_network,June 2026,[],Anjos do Brasil,country,BR,"[""BR""]","[""angel""]","[""not_disclosed""]",https://anjosdobrasil.net/,https://anjosdobrasil.net/submeter-startup/,"[{""kind"":""official_thesis"",""title"":""About Anjos do Brasil"",""url"":""https://anjosdobrasil.net/sobre-nos/""},{""kind"":""official_application"",""title"":""Submit a startup"",""url"":""https://anjosdobrasil.net/submeter-startup/""},{""kind"":""official_thesis"",""title"":""About us in English and operating disclaimer"",""url"":""https://anjosdobrasil.net/about-us-in-english/""},{""kind"":""official_activity"",""title"":""Official 2026 activity"",""url"":""https://anjosdobrasil.net/pesquisa-anual-investimento-anjo-2026-anjos-do-brasil/""}]",2026-07-27,ecosystem/angel-networks/brazil/anjos-do-brasil.md,2026-07-27,2026-07-27,CC0-1.0
angel_network:br-angels,BR Angels,angel_network,"BR Angels receives startup applications and uses screening, evaluation groups, committees, and recurring pitch events.",[],BR Angels,country,BR,"[""BR"",""GLOBAL"",""LATAM""]","[""angel""]","[""not_disclosed""]",https://www.brangels.global/,https://app.pipefy.com/public/form/sevD52HK,"[{""kind"":""official_application"",""title"":""BR Angels startup journey and application"",""url"":""https://startup.brangels.com.br/""},{""kind"":""official_application"",""title"":""Official startup application"",""url"":""https://app.pipefy.com/public/form/sevD52HK""},{""kind"":""official_activity"",""title"":""Official November 2025 investment activity"",""url"":""https://brangels.global/greentable-nova-investida-brangels/""}]",2026-07-27,ecosystem/angel-networks/brazil/br-angels.md,2026-07-27,2026-07-27,CC0-1.0
angel_network:business-angels-club,Business Angels Club EmprendeIAE,angel_network,The network accepts external founder submissions through its official route.,"[""BAC"",""Business Angels Club""]",Business Angels Club EmprendeIAE,country,AR,"[""AR"",""LATAM""]","[""angel""]","[""not_disclosed""]",https://businessangelsclub.org/,https://businessangelsclub.org/para-fundadores.html,"[{""kind"":""official_application"",""title"":""Para fundadores — Business Angels Club"",""url"":""https://businessangelsclub.org/para-fundadores.html""},{""kind"":""secondary"",""title"":""Publicações do Business Angels Club — Business Angels Club"",""url"":""https://ar.linkedin.com/company/business-angels-club-emprendeiae""}]",2026-07-27,ecosystem/angel-networks/argentina/business-angels-club.md,2026-07-27,2026-07-27,CC0-1.0
angel_network:curitiba-angels,Curitiba Angels,angel_network,The network accepts external founder submissions through its official route.,[],Curitiba Angels,country,BR,"[""BR""]","[""angel""]","[""not_disclosed""]",https://www.curitibaangels.com.br/,https://www.curitibaangels.com.br/,"[{""kind"":""official_application"",""title"":""Curitiba Angels — Curitiba Angels"",""url"":""https://www.curitibaangels.com.br/""},{""kind"":""official_website"",""title"":""Tendências e Panorama do Venture Capital para 2025 — Curitiba Angels"",""url"":""https://www.curitibaangels.com.br/tendencias-e-panorama-do-venture-capital-para-2025-insights-do-nosso-evento-para-investidores-e-startups/""}]",2026-07-27,ecosystem/angel-networks/brazil/curitiba-angels.md,2026-07-27,2026-07-27,CC0-1.0
angel_network:enlaces,Enlaces,angel_network,The network accepts external founder submissions through its official route.,[],Enlaces,country,DO,"[""DO"",""LATAM""]","[""angel""]","[""not_disclosed""]",https://enlaces.org.do/,https://enlaces.org.do/somete-tu-proyecto/,"[{""kind"":""official_website"",""title"":""Preguntas frecuentes — Enlaces"",""url"":""https://enlaces.org.do/preguntas-frecuentes/""},{""kind"":""secondary"",""title"":""Startup do portfólio anuncia nova rodada — Enlaces"",""url"":""https://es.linkedin.com/posts/enlaces-red-de-inversionistas-angeles_us53-millones-para-financiar-el-crecimiento-activity-7485823145283756032-0W8w""}]",2026-07-27,ecosystem/angel-networks/dominican-republic/enlaces.md,2026-07-27,2026-07-27,CC0-1.0
angel_network:firstangels-caribbean,FirstAngels Caribbean,angel_network,The network accepts external founder submissions through its official route.,"[""FirstAngels Jamaica"",""FirstAngelsJA""]",FirstAngels Caribbean,country,JM,"[""CARIBBEAN"",""JM""]","[""angel""]","[""not_disclosed""]",https://firstangelscaribbean.com/,https://firstangelscaribbean.com/,"[{""kind"":""official_website"",""title"":""Investor FAQ — FirstAngels Caribbean"",""url"":""https://firstangelscaribbean.com/investor-faq/""},{""kind"":""official_website"",""title"":""Celebrating a Decade of Impact — FirstAngels Caribbean"",""url"":""https://firstangelscaribbean.com/2024/08/28/celebrating-a-decade/""}]",2026-07-27,ecosystem/angel-networks/jamaica/firstangels-caribbean.md,2026-07-27,2026-07-27,CC0-1.0
angel_network:gvangels,GVAngels,angel_network,July 2026,[],"GVAngels, a nonprofit FGV alumni association",country,BR,"[""BR""]","[""angel""]","[""not_disclosed""]",https://gvangels.com.br/,https://app.dealum.com/#/company/application/new/53851/usveyzos5n2gm9hdm324ngpeix7uu9g7,"[{""kind"":""official_thesis"",""title"":""About GVAngels"",""url"":""https://gvangels.com.br/quem-somos""},{""kind"":""official_website"",""title"":""GVAngels FAQ and member decision process"",""url"":""https://gvangels.com.br/faq""},{""kind"":""official_application"",""title"":""GVAngels investment thesis and application"",""url"":""https://gvangels.com.br/conheca-nossa-tese""},{""kind"":""official_application"",""title"":""Official startup application"",""url"":""https://app.dealum.com/#/company/application/new/53851/usveyzos5n2gm9hdm324ngpeix7uu9g7""},{""kind"":""official_activity"",""title"":""Official July 2026 activity"",""url"":""https://gvangels.com.br/blog/postagem/investimento-anjo""}]",2026-07-27,ecosystem/angel-networks/brazil/gvangels.md,2026-07-27,2026-07-27,CC0-1.0
angel_network:puc-angels,PUC angels,angel_network,The network accepts external founder submissions through its official route.,[],PUC angels,country,BR,"[""BR""]","[""angel""]","[""not_disclosed""]",https://pucangels.org/,https://pucangels.org/iniciativas/programa-investimento,"[{""kind"":""official_application"",""title"":""Programa Investimento — PUC angels"",""url"":""https://pucangels.org/iniciativas/programa-investimento""},{""kind"":""official_website"",""title"":""Destaques PUC angels — PUC angels"",""url"":""https://pucangels.org/iniciativas/Destaques""}]",2026-07-27,ecosystem/angel-networks/brazil/puc-angels.md,2026-07-27,2026-07-27,CC0-1.0
angel_network:red-angeles-uc,Red Ángeles do Centro de Innovación UC,angel_network,The network accepts external founder submissions through its official route.,"[""Red Ángeles UC""]",Red Ángeles do Centro de Innovación UC,country,CL,"[""CL""]","[""angel""]","[""not_disclosed""]",https://centrodeinnovacion.uc.cl/red-angeles/,https://centrodeinnovacion.uc.cl/red-angeles/,"[{""kind"":""official_application"",""title"":""Red Ángeles — Centro de Innovación UC"",""url"":""https://centrodeinnovacion.uc.cl/red-angeles/""},{""kind"":""official_website"",""title"":""Red Ángeles abre convocatória para investidores e startups — Centro de Innovación UC"",""url"":""https://centrodeinnovacion.uc.cl/noticias/red-angeles-del-centro-de-innovacion-uc-abre-convocatoria-para-inversionistas-y-startups/""}]",2026-07-27,ecosystem/angel-networks/chile/red-angeles-uc.md,2026-07-27,2026-07-27,CC0-1.0
angel_network:urca-angels,Urca Angels,angel_network,`contact@urcaangels.com`,[],Urca Angels,country,BR,"[""BR""]","[""angel""]","[""not_disclosed""]",https://www.urcaangels.com/,,"[{""kind"":""official_application"",""title"":""Urca Angels overview, criteria, portfolio, and pitch process"",""url"":""https://www.urcaangels.com/""},{""kind"":""official_activity"",""title"":""Official April 2025 investment activity"",""url"":""https://pt.linkedin.com/posts/urcaangels_coalize-de-solu%C3%A7%C3%B5es-para-gest%C3%A3o-de-rh-e-activity-7322380522268123137-9Up6""}]",2026-07-27,ecosystem/angel-networks/brazil/urca-angels.md,2026-07-27,2026-07-27,CC0-1.0
fund:1616v,1616V,fund,"1616V is a recurring venture investor with a direct portfolio, operational presence in São Paulo, and access across Latin America and the United States.",[],,region,LATAM,"[""LATAM"",""US""]","[""not_disclosed""]","[""not_disclosed""]",https://www.1616ventures.com/,,"[{""kind"":""official_portfolio"",""title"":""1616 Ventures"",""url"":""https://www.1616ventures.com/""},{""kind"":""official_activity"",""title"":""Neofin levanta R$ 35 milhões em rodada seed"",""url"":""https://www.neofin.com.br/release/janeiro-2025""}]",2026-07-30,funds/multi-country/1616v.md,2026-07-27,2026-07-27,CC0-1.0
fund:17-sigma,17-Sigma,fund,17-Sigma is an early-stage venture fund with a recurring Latin American portfolio and an office in São Paulo.,[],,region,LATAM,"[""LATAM""]","[""not_disclosed""]","[""not_disclosed""]",https://17sigma.com/,,"[{""kind"":""official_portfolio"",""title"":""17Sigma"",""url"":""https://17sigma.com/""},{""kind"":""official_activity"",""title"":""Neofin levanta R$ 35 milhões em rodada seed"",""url"":""https://www.neofin.com.br/release/janeiro-2025""}]",2026-07-30,funds/multi-country/17-sigma.md,2026-07-27,2026-07-27,CC0-1.0
fund:500-latam-500-global,500 LatAm (500 Global),fund,500 LatAm is 500 Global's early-stage strategy for technology companies founded in Spanish-speaking Latin America.,[],500 Global,region,LATAM,"[""LATAM""]","[""pre_seed"",""seed""]","[""technology"",""sector_agnostic""]",https://500.co/latam,https://latam.aplica.500.co/en/sites/latam,"[{""kind"":""official_thesis"",""title"":""500 LatAm strategy"",""url"":""https://500.co/latam""},{""kind"":""official_application"",""title"":""Current investment offer and application"",""url"":""https://latam.aplica.500.co/en/sites/latam""},{""kind"":""secondary"",""title"":""500 LatAm FAQ"",""url"":""https://latam.aplica.500.co/es/faq""},{""kind"":""official_portfolio"",""title"":""Official portfolio"",""url"":""https://500.co/latam-companies""}]",2026-07-25,funds/regional/500-latam-500-global.md,2026-07-27,2026-07-27,CC0-1.0
fund:a-b-seed-ventures,A.B.Seed Ventures,fund,A.B.Seed Ventures is an investment organization focused on B2B software in Brazil.,[],,country,BR,"[""BR""]","[""pre_seed"",""seed""]","[""b2b_software""]",https://abseed.com.br/,https://abseed.com.br/contact-us/,"[{""kind"":""official_portfolio"",""title"":""Portfolio"",""url"":""https://abseed.com.br/portfolio/""},{""kind"":""official_thesis"",""title"":""About or investment thesis"",""url"":""https://abseed.com.br/about-us/""},{""kind"":""official_application"",""title"":""Contact or application page"",""url"":""https://abseed.com.br/contact-us/""}]",2026-07-26,funds/brazil/a.b.seed-ventures.md,2026-07-27,2026-07-27,CC0-1.0
fund:abastibletec,AbastibleTec,fund,AbastibleTec is a Chile-based corporate investment unit backing energy-intelligence startups.,"[""Abastible Tec""]",Abastible,country,CL,"[""CL"",""CO"",""EC"",""ES"",""PE"",""PT""]","[""not_disclosed""]","[""energy_intelligence"",""energy_efficiency"",""decarbonization""]",https://abastible.cl/lanzamiento-abastible-tec-innovacion-e-inteligencia-energetica/,,"[{""kind"":""official_thesis"",""title"":""AbastibleTec launch and regional scope"",""url"":""https://abastible.cl/lanzamiento-abastible-tec-innovacion-e-inteligencia-energetica/""},{""kind"":""official_activity"",""title"":""AbastibleTec first startup investment"",""url"":""https://www.empresascopec.cl/en/noticia/abastibletec-completes-its-first-investment-in-startups/""},{""kind"":""official_activity"",""title"":""AbastibleTec second startup investment"",""url"":""https://www.empresascopec.cl/en/noticia/abastibletec-selects-zensi-for-its-second-startup-investment/""}]",2026-07-30,funds/chile/abastibletec.md,2026-07-27,2026-07-27,CC0-1.0
fund:accion-ventures,Accion Ventures,fund,Accion Ventures is an Accion Impact Management early-stage investment strategy with recurring startup investments and verified access to founders in Brazil.,"[""Accion Venture Lab""]",Accion Impact Management,country,US,"[""BR"",""NOT_DISCLOSED""]","[""not_disclosed""]","[""not_disclosed""]",https://www.accion.org/how-we-work/investment-strategies/accion-impact-management/accion-ventures/,https://www.accion.org/how-we-work/investment-strategies/accion-impact-management/accion-ventures/,"[{""kind"":""official_application"",""title"":""Accion Ventures strategy and pitch route"",""url"":""https://www.accion.org/how-we-work/investment-strategies/accion-impact-management/accion-ventures/""},{""kind"":""official_website"",""title"":""Accion and Accion Impact Management contact page"",""url"":""https://www.accion.org/contact/""},{""kind"":""official_activity"",""title"":""BackChannel seed round"",""url"":""https://www.accion.org/news/backchannel-raises-4-75-million-in-seed-round-to-reduce-textile-waste-in-brazil/""}]",2026-07-30,funds/multi-country/accion-ventures.md,2026-07-27,2026-07-27,CC0-1.0
fund:ace-ventures,ACE Ventures,fund,ACE Ventures is an investment organization focused on Technology in Brazil.,[],,country,BR,"[""BR""]","[""seed"",""series_a""]","[""technology""]",https://aceventures.com.br/,https://aceventures.com.br/contato-2/,"[{""kind"":""official_portfolio"",""title"":""Portfolio"",""url"":""https://aceventures.com.br/venture-capital/portfolio/""},{""kind"":""official_application"",""title"":""Contact or application page"",""url"":""https://aceventures.com.br/contato-2/""}]",2026-07-26,funds/brazil/ace-ventures.md,2026-07-27,2026-07-27,CC0-1.0
fund:acolab-ventures,Açolab Ventures,fund,Açolab Ventures is ArcelorMittal Brasil's corporate venture capital vehicle for startups that can strengthen the steel value chain.,[],,region,LATAM,"[""LATAM""]","[""not_disclosed""]","[""steel"",""construction"",""industrial_productivity"",""logistics"",""digitalization"",""sustainability""]",https://brasil.arcelormittal.com/sustentabilidade-inovacao/inovacao/acolab,,"[{""kind"":""official_website"",""title"":""Açolab and Açolab Ventures"",""url"":""https://brasil.arcelormittal.com/sustentabilidade-inovacao/inovacao/acolab""}]",2026-07-27,funds/regional/acolab-ventures.md,2026-07-27,2026-07-27,CC0-1.0
fund:actions-capital-k50-ventures,Actions Capital (ex-K50 Ventures),fund,Actions Capital (ex-K50 Ventures) is an investment organization focused on Technology in Latin America.,"[""K50 Ventures""]",,region,LATAM,"[""LATAM""]","[""pre_seed"",""seed""]","[""technology""]",https://www.actions.capital/,,"[{""kind"":""official_website"",""title"":""Fund website"",""url"":""https://www.actions.capital/""}]",2026-07-26,funds/regional/actions-capital-k50-ventures.md,2026-07-27,2026-07-27,CC0-1.0
fund:adn-vc,ADN.VC,fund,ADN.VC is a United States-based venture capital firm investing in early-stage fintech and proptech startups across Latin America.,[],,global,GLOBAL,"[""AR"",""CL"",""CO"",""LATAM"",""MX"",""PE""]","[""pre_seed"",""seed""]","[""fintech"",""proptech"",""contech""]",https://adn.vc/,https://adn.vc/,"[{""kind"":""official_application"",""title"":""Investment thesis and pitch channel"",""url"":""https://adn.vc/""},{""kind"":""official_portfolio"",""title"":""Official portfolio"",""url"":""https://adn.vc/portafolio/""},{""kind"":""official_website"",""title"":""Fund I overview"",""url"":""https://adn.vc/%F0%9F%A7%AC-adn-vc-newsletter-015/""}]",2026-07-27,funds/multi-country/adn.vc.md,2026-07-27,2026-07-27,CC0-1.0
fund:ahead-ventures,Ahead Ventures,fund,Ahead Ventures is a Brazilian corporate venture capital manager that structures and operates investment programs for corporations.,[],,country,BR,"[""BR""]","[""seed"",""series_a""]","[""sectors_aligned_with_each_corporate_client_s_strategic_thesis""]",https://aheadventures.com.br/,,"[{""kind"":""official_website"",""title"":""Ahead Ventures website"",""url"":""https://aheadventures.com.br/""},{""kind"":""official_website"",""title"":""Clients and active mandates"",""url"":""https://aheadventures.com.br/clientes/""}]",2026-07-27,funds/brazil/ahead-ventures.md,2026-07-27,2026-07-27,CC0-1.0
fund:alaya-capital,Alaya Capital,fund,Alaya Capital is an early-stage venture capital firm investing in Latin American technology teams with regional and global growth ambitions.,[],,region,LATAM,"[""LATAM""]","[""seed"",""series_a""]","[""digital_transformation""]",https://alaya-capital.com/,https://alaya-capital.com/apply-old/,"[{""kind"":""official_application"",""title"":""Alaya investment thesis and application"",""url"":""https://alaya-capital.com/apply-old/""},{""kind"":""official_portfolio"",""title"":""Official portfolio"",""url"":""https://alaya-capital.com/portfolio/""},{""kind"":""official_website"",""title"":""Alaya website"",""url"":""https://alaya-capital.com/""}]",2026-07-25,funds/regional/alaya-capital.md,2026-07-27,2026-07-27,CC0-1.0
fund:alexia-ventures,Alexia Ventures,fund,Alexia Ventures is an investment organization focused on Intelligent software and applied AI in Latin America.,[],,global,GLOBAL,"[""LATAM""]","[""seed"",""series_a""]","[""intelligent_software"",""applied_ai""]",https://www.alexia.vc/,,"[{""kind"":""official_website"",""title"":""Fund website"",""url"":""https://www.alexia.vc/""}]",2026-07-26,funds/multi-country/alexia-ventures.md,2026-07-27,2026-07-27,CC0-1.0
fund:alina-vc,Alina VC,fund,Alina VC is an Argentina-based venture capital firm investing in early-stage Future of Work startups across Latin America.,[],,region,LATAM,"[""LATAM""]","[""not_disclosed""]","[""future_of_work_technology""]",https://alina.vc/,https://alina.vc/,"[{""kind"":""official_application"",""title"":""Investment thesis, portfolio, and application"",""url"":""https://alina.vc/""}]",2026-07-27,funds/regional/alina-vc.md,2026-07-27,2026-07-27,CC0-1.0
fund:alive-ventures,ALIVE Ventures,fund,"ALIVE Ventures is an investment organization focused on Impact technology and economic inclusion in Colombia, Peru, and Latin America.",[],,region,LATAM,"[""CO"",""LATAM"",""PE""]","[""seed"",""series_a""]","[""impact_technology"",""economic_inclusion""]",https://www.alive-ventures.com/,,"[{""kind"":""official_portfolio"",""title"":""Portfolio"",""url"":""https://www.alive-ventures.com/#Portfolio""},{""kind"":""official_website"",""title"":""Fund website"",""url"":""https://www.alive-ventures.com/""},{""kind"":""official_thesis"",""title"":""About or investment thesis"",""url"":""https://www.alive-ventures.com/about""},{""kind"":""official_website"",""title"":""Fund website"",""url"":""https://www.alive-ventures.com/post/alive-invests-in-aviva-to-expand-credit-access-for-underserved-micro-entrepreneurs-across-mexico""}]",2026-07-26,funds/regional/alive-ventures.md,2026-07-27,2026-07-27,CC0-1.0
fund:amaz,AMAZ,fund,AMAZ is an impact accelerator and investor dedicated to businesses that create positive outcomes for the Amazon forest and its communities.,[],,country,BR,"[""NOT_DISCLOSED""]","[""not_disclosed""]","[""amazon_bioeconomy"",""forest_conservation"",""climate"",""local_income_generation""]",https://amaz.org.br/,,"[{""kind"":""official_portfolio"",""title"":""AMAZ homepage and current portfolio highlights"",""url"":""https://amaz.org.br/""},{""kind"":""official_portfolio"",""title"":""Official portfolio"",""url"":""https://amaz.org.br/portfolio/""},{""kind"":""official_website"",""title"":""2025 business call and investment terms"",""url"":""https://amaz.org.br/2025/02/26/amaz-abre-inscricoes-para-a-chamada-de-negocios-2025-e-celebra-cinco-anos-de-impacto-na-amazonia/""},{""kind"":""official_website"",""title"":""AmidoMato investment and first-fund close"",""url"":""https://amaz.org.br/2026/07/01/amidomato-entra-para-o-portfolio-da-amaz-com-solucao-inovadora-para-a-cadeia-do-babacu/""},{""kind"":""official_activity"",""title"":""AMAZ structure and recent activity"",""url"":""https://amaz.org.br/2026/07/07/amaz-destaca-financiamento-e-apoio-integrado-a-sociobioeconomia-na-semana-do-clima-da-amazonia/""}]",2026-07-27,funds/brazil/amaz.md,2026-07-27,2026-07-27,CC0-1.0
fund:amplifica-capital,Amplifica Capital,fund,"Amplifica Capital is an investment organization focused on Inclusion, digital access, and climate technology in Latin America.",[],,region,LATAM,"[""LATAM""]","[""pre_seed"",""seed"",""series_a""]","[""inclusion"",""digital_access"",""climate_technology""]",https://www.amplifica.capital/,https://www.amplifica.capital/en/contact,"[{""kind"":""official_portfolio"",""title"":""Portfolio"",""url"":""https://www.amplifica.capital/en/portfolio""},{""kind"":""official_thesis"",""title"":""About or investment thesis"",""url"":""https://www.amplifica.capital/en/aboutus""},{""kind"":""official_website"",""title"":""Fund website"",""url"":""https://www.amplifica.capital/en/funding""},{""kind"":""official_application"",""title"":""Contact or application page"",""url"":""https://www.amplifica.capital/en/contact""}]",2026-07-26,funds/regional/amplifica-capital.md,2026-07-27,2026-07-27,CC0-1.0
fund:angel-ventures,Angel Ventures,fund,"Angel Ventures is an investment organization focused on Technology, sector agnostic in Latin America.",[],,region,LATAM,"[""LATAM""]","[""not_disclosed""]","[""technology"",""sector_agnostic""]",https://www.angelventures.vc/,,"[{""kind"":""official_portfolio"",""title"":""Portfolio"",""url"":""https://www.angelventures.vc/portfolio""}]",2026-07-26,funds/regional/angel-ventures.md,2026-07-27,2026-07-27,CC0-1.0
fund:antler,Antler,fund,"Antler is a Singapore-based venture capital firm with a permanent Brazil operation, direct startup investments, and an open founder application route.",[],,country,SG,"[""BR"",""NOT_DISCLOSED""]","[""not_disclosed""]","[""not_disclosed""]",https://www.antler.co/,https://www.antler.co/location/brazil,"[{""kind"":""official_application"",""title"":""Antler in Brazil"",""url"":""https://www.antler.co/location/brazil""},{""kind"":""official_website"",""title"":""Antler in Singapore"",""url"":""https://www.antler.co/location/singapore""},{""kind"":""secondary"",""title"":""BNDES announcement for Antler Brasil I"",""url"":""https://agenciadenoticias.bndes.gov.br/bndes/BNDES-e-Finep-anunciam-edital-de-fundo-para-startups-com-capital-de-R%24-250-mi-e-investimento-em-fundo-da-Antler/""}]",2026-07-30,funds/multi-country/antler.md,2026-07-27,2026-07-27,CC0-1.0
fund:arapy,Arapy,fund,Arapy is an impact investment vehicle managed by Fundepar for innovative Brazilian businesses addressing the United Nations Sustainable Development Goals.,[],,country,BR,"[""BR""]","[""not_disclosed""]","[""positive_social"",""environmental_impact_aligned_with_the_un_sustainable_development_goals""]",https://fundepar.com.br/fundos-e-programas/arapy/,https://fundepar.com.br/formulario-de-inscricao-arapy/,"[{""kind"":""official_application"",""title"":""Arapy program and application criteria"",""url"":""https://fundepar.com.br/fundos-e-programas/arapy/""},{""kind"":""official_application"",""title"":""Official application form"",""url"":""https://fundepar.com.br/formulario-de-inscricao-arapy/""},{""kind"":""secondary"",""title"":""Fundep update on Arapy's first investment"",""url"":""https://www.fundep.ufmg.br/noticias/315""}]",2026-07-27,funds/brazil/arapy.md,2026-07-27,2026-07-27,CC0-1.0
fund:astella,Astella,fund,"Astella is an investment organization focused on Technology, sector agnostic in Brazil.",[],,country,BR,"[""BR""]","[""pre_seed"",""seed"",""series_a""]","[""technology"",""sector_agnostic""]",https://www.astella.com.br/,https://www.astella.com.br/en/pt/contact,"[{""kind"":""official_portfolio"",""title"":""Portfolio"",""url"":""https://www.astella.com.br/en/pt/portfolio""},{""kind"":""official_portfolio"",""title"":""Portfolio"",""url"":""https://www.astella.com.br/en/astella-portfolio""},{""kind"":""official_thesis"",""title"":""About or investment thesis"",""url"":""https://www.astella.com.br/en/pt/about""},{""kind"":""official_application"",""title"":""Contact or application page"",""url"":""https://www.astella.com.br/en/pt/contact""}]",2026-07-26,funds/brazil/astella.md,2026-07-27,2026-07-27,CC0-1.0
fund:avalancha-ventures,Avalancha Ventures,fund,Avalancha Ventures is an investment organization focused on Technology in Latin America.,[],,region,LATAM,"[""LATAM""]","[""not_disclosed""]","[""technology""]",https://avalancha.ventures/,https://avalancha.ventures/contacto/,"[{""kind"":""official_portfolio"",""title"":""Portfolio"",""url"":""https://avalancha.ventures/portafolio/""},{""kind"":""official_application"",""title"":""Contact or application page"",""url"":""https://avalancha.ventures/contacto/""}]",2026-07-26,funds/regional/avalancha-ventures.md,2026-07-27,2026-07-27,CC0-1.0
fund:avp-ventures,AVP Ventures,fund,AVP Ventures is an investment organization focused on Technology in Peru and Latin America.,[],,region,LATAM,"[""LATAM"",""PE""]","[""seed""]","[""technology""]",https://avpventures.com/,https://avpventures.com/contact/,"[{""kind"":""official_portfolio"",""title"":""Portfolio"",""url"":""https://avpventures.com/portfolio/culqi/""},{""kind"":""official_portfolio"",""title"":""Portfolio"",""url"":""https://avpventures.com/portfolio/""},{""kind"":""official_application"",""title"":""Contact or application page"",""url"":""https://avpventures.com/contact/""},{""kind"":""official_website"",""title"":""Fund website"",""url"":""https://avpventures.com/stories/2023-letter-to-investors/""}]",2026-07-26,funds/regional/avp-ventures.md,2026-07-27,2026-07-27,CC0-1.0
fund:axon-partners-ventures-epm,Ventures EPM,fund,Ventures EPM is Grupo EPM's corporate venture program.,[],,region,LATAM,"[""CO"",""LATAM""]","[""not_disclosed""]","[""public_service_technology""]",https://www.epm.com.co/institucional/innovacion/programa-ventures-epm/,https://www.epm.com.co/institucional/innovacion/ventures-epm/,"[{""kind"":""official_portfolio"",""title"":""Portfolio"",""url"":""https://www.epm.com.co/content/dam/epm/institucional/sala-de-prensa-epm/noticias-y-novedades/noticias-y-novedades/batx-la-nueva-startup-que-ingresa-a-ventures-epm/VenturesEPM-PortafolioEmpresasInvertidas.pdf""},{""kind"":""official_website"",""title"":""Ventures EPM program"",""url"":""https://www.epm.com.co/institucional/innovacion/programa-ventures-epm/""},{""kind"":""official_website"",""title"":""Fund II investment profile"",""url"":""https://www.epm.com.co/institucional/innovacion/programa-ventures-epm/fondo-de-capital-privado-ii/""},{""kind"":""official_website"",""title"":""Current fund manager and program history"",""url"":""https://www.epm.com.co/institucional/sala-de-prensa/noticias-y-novedades/batx-startup-se-une-a-ventures-epm""},{""kind"":""official_application"",""title"":""Program contacts"",""url"":""https://www.epm.com.co/institucional/innovacion/ventures-epm/""}]",2026-07-26,funds/regional/axon-partners-ventures-epm.md,2026-07-27,2026-07-27,CC0-1.0
fund:b-venture-capital,B Venture Capital,fund,B Venture Capital is an investment organization focused on Technology in Latin America.,[],,region,LATAM,"[""LATAM""]","[""seed"",""series_a""]","[""technology""]",https://www.bventure.capital/,,"[{""kind"":""official_portfolio"",""title"":""Portfolio"",""url"":""https://www.bventure.capital/portfolio""},{""kind"":""official_website"",""title"":""Fund website"",""url"":""https://www.bventure.capital/tesis""}]",2026-07-26,funds/regional/b-venture-capital.md,2026-07-27,2026-07-27,CC0-1.0
fund:babasu-ventures,Babasú Ventures,fund,Babasú Ventures invests in early-stage startups across emerging South American ecosystems.,[],,region,LATAM,"[""BO"",""EC"",""PE"",""PY"",""UY""]","[""pre_seed"",""seed""]","[""technology"",""sector_agnostic""]",https://babasuventures.com/,https://babasuventures.com/,"[{""kind"":""official_application"",""title"":""Babasú Ventures"",""url"":""https://babasuventures.com/""}]",2026-07-27,funds/regional/babasu-ventures.md,2026-07-27,2026-07-27,CC0-1.0
fund:barn-investimentos,Barn Investimentos,fund,Barn Investimentos is a Brazilian venture capital manager making recurring direct investments across four Greentech verticals in Latin America.,"[""Barn Invest""]",,country,BR,"[""BR"",""LATAM""]","[""not_disclosed""]","[""greentech""]",https://barninvest.com.br/,,"[{""kind"":""official_thesis"",""title"":""Barn Investimentos: tudo sobre a gestora de venture capital líder em investimentos Greentech na América Latina"",""url"":""https://barninvest.com.br/blog/barn-investimentos-tudo-sobre-a-gestora-de-venture-capital-lider-em-investimentos-greentech-na-america-latina""},{""kind"":""official_activity"",""title"":""Why we invested in Splight?"",""url"":""https://barninvest.com.br/en/blog/why-we-invested-in-splight""}]",2026-07-30,funds/brazil/barn-investimentos.md,2026-07-27,2026-07-27,CC0-1.0
fund:basf-venture-capital,BASF Venture Capital GmbH,fund,"BASF Venture Capital GmbH is BASF's Germany-based evergreen corporate venture unit, investing directly in startups globally with access to Brazil.",[],BASF,country,DE,"[""DE"",""GLOBAL"",""BR""]","[""not_disclosed""]","[""not_disclosed""]",https://www.basf.com/global/en/who-we-are/organization/group-companies/BASF_Venture-Capital,,"[{""kind"":""official_website"",""title"":""BASF Venture Capital"",""url"":""https://www.basf.com/global/en/who-we-are/organization/group-companies/BASF_Venture-Capital""},{""kind"":""official_activity"",""title"":""BASF Venture Capital invests in pH7"",""url"":""https://www.basf.com/global/en/who-we-are/organization/group-companies/BASF_Venture-Capital/publications/2025/251204-ph7""}]",2026-07-30,funds/multi-country/basf-venture-capital.md,2026-07-27,2026-07-27,CC0-1.0
fund:bb-ventures,BB Ventures,fund,"BB Ventures is Banco do Brasil's Brazilian corporate venture capital fund, managed by MSW Capital and investing directly in startups.",[],MSW Capital,country,BR,"[""BR""]","[""not_disclosed""]","[""not_disclosed""]",https://www.bb.com.br/site/startups/,https://www.bb.com.br/site/startups/,"[{""kind"":""official_application"",""title"":""Investimentos em Startups"",""url"":""https://www.bb.com.br/site/startups/""},{""kind"":""official_activity"",""title"":""BB Expenses"",""url"":""https://blog.bb.com.br/bb-expenses/""}]",2026-07-30,funds/brazil/bb-ventures.md,2026-07-27,2026-07-27,CC0-1.0
fund:bice-ventures,BICE Ventures,fund,BICE Ventures is Grupo BICE's Chile-based corporate venture capital and company-building unit.,[],Grupo BICE,country,CL,"[""CL"",""LATAM""]","[""pre_seed"",""seed"",""series_a""]","[""fintech"",""insurtech"",""data"",""artificial_intelligence"",""wellness""]",https://www.biceventures.com/,https://www.biceventures.com/en/pitch-your-startup,"[{""kind"":""official_portfolio"",""title"":""BICE Ventures official site and active portfolio"",""url"":""https://www.biceventures.com/""},{""kind"":""official_application"",""title"":""BICE Ventures founder application"",""url"":""https://www.biceventures.com/en/pitch-your-startup""},{""kind"":""official_activity"",""title"":""BICE Ventures activity in 2026"",""url"":""https://www.bicecorp.com/noticias/bice-innova-reads-que-es-el-corporate-venture-capital-cvc""}]",2026-07-30,funds/chile/bice-ventures.md,2026-07-27,2026-07-27,CC0-1.0
fund:blustone-capital,BluStone Capital,fund,BluStone Capital is a São Paulo-based early-stage venture capital firm with two funds and a recurring direct startup portfolio.,[],,country,BR,"[""BR""]","[""not_disclosed""]","[""not_disclosed""]",https://blustone.capital/,,"[{""kind"":""official_portfolio"",""title"":""BluStone Capital"",""url"":""https://blustone.capital/""},{""kind"":""official_activity"",""title"":""Canary anuncia rodada da Wehandle"",""url"":""https://www.linkedin.com/posts/canary-venture-capital_we-are-very-excited-to-partner-with-rodrigo-activity-7371543021445742592-Uhea""}]",2026-07-30,funds/brazil/blustone-capital.md,2026-07-27,2026-07-27,CC0-1.0
fund:bossa-invest-bossanova,Bossa Invest (Bossanova),fund,Bossa Invest (Bossanova) is an investment organization focused on B2B and B2B2C technology in Brazil.,"[""Bossanova""]",,country,BR,"[""BR""]","[""pre_seed"",""seed""]","[""b2b"",""b2b2c_technology""]",https://bossainvest.com/,,"[{""kind"":""official_website"",""title"":""Fund website"",""url"":""https://bossainvest.com/quem-somos""},{""kind"":""official_website"",""title"":""Fund website"",""url"":""https://bossainvest.com/quem-somos/""},{""kind"":""official_website"",""title"":""Fund website"",""url"":""https://bossainvest.com/investir-agora/""},{""kind"":""official_website"",""title"":""Fund website"",""url"":""https://bossainvest.com/receber-investimento/""}]",2026-07-26,funds/brazil/bossa-invest-bossanova.md,2026-07-27,2026-07-27,CC0-1.0
fund:bs2-ventures,BS2 Ventures,fund,BS2 Ventures is Banco BS2's Brazil-based corporate venture capital fund for companies building solutions for small and medium-sized businesses.,"[""Fundo de CVC do BS2""]",,country,BR,"[""BR""]","[""not_disclosed""]","[""small_and_medium_businesses""]",https://blog.bancobs2.com.br/banco-bs2-fundo-de-cvc-solucoes-pmes/,,"[{""kind"":""official_activity"",""title"":""Banco BS2 launches its corporate venture capital fund"",""url"":""https://blog.bancobs2.com.br/banco-bs2-fundo-de-cvc-solucoes-pmes/""}]",2026-07-30,funds/brazil/bs2-ventures.md,2026-07-27,2026-07-27,CC0-1.0
fund:buentrip-ventures,BuenTrip Ventures,fund,BuenTrip Ventures invests in software founders transforming Latin America.,[],,region,LATAM,"[""LATAM""]","[""not_disclosed""]","[""b2b_software"",""digital_transformation""]",https://www.buentrip.vc/,https://www.buentrip.vc/,"[{""kind"":""official_application"",""title"":""BuenTrip Ventures"",""url"":""https://www.buentrip.vc/""}]",2026-07-27,funds/regional/buentrip-ventures.md,2026-07-27,2026-07-27,CC0-1.0
fund:byma-ventures,BYMA Ventures,fund,BYMA Ventures is the Argentine exchange group's corporate venture capital fund for early-stage Latin American startups.,[],,country,AR,"[""AR"",""LATAM""]","[""not_disclosed""]","[""fintech"",""market_infrastructure"",""cybersecurity""]",https://www.byma.com.ar/,https://www.byma.com.ar/,"[{""kind"":""official_activity"",""title"":""BYMA relaunches its CVC fund"",""url"":""https://www.byma.com.ar/newsroom/byma-relanza-su-fondo-de-cvc-bajo-el-nombre-byma-ventures""},{""kind"":""official_activity"",""title"":""BYMA 2024 annual report"",""url"":""https://data-widgets.byma.com.ar/wp-content/uploads/2025/03/MEMORIA-2024-INGLES-EEFF-2_compressed.pdf""}]",2026-07-30,funds/argentina/byma-ventures.md,2026-07-27,2026-07-27,CC0-1.0
fund:canary,Canary,fund,Canary is an operator-led venture capital firm focused on becoming the first institutional investor in technology companies founded in Latin America.,[],,region,LATAM,"[""LATAM""]","[""pre_seed"",""seed"",""series_a""]","[""sector_agnostic""]",https://www.canary.com.br/,,"[{""kind"":""official_thesis"",""title"":""About Canary"",""url"":""https://www.canary.com.br/about-us/""},{""kind"":""secondary"",""title"":""Canary investment FAQ"",""url"":""https://old.canary.com.br/faq/""},{""kind"":""secondary"",""title"":""Canary manifesto"",""url"":""https://old.canary.com.br/manifest/""},{""kind"":""official_portfolio"",""title"":""Current portfolio page"",""url"":""https://www.canary.com.br/portfolio/""}]",2026-07-25,funds/regional/canary.md,2026-07-27,2026-07-27,CC0-1.0
fund:canastra-ventures,Canastra Ventures,fund,Canastra Ventures is a Brazilian pre-seed venture capital firm investing in AI-first startups that target Brazil and have global ambitions.,[],,country,BR,"[""BR"",""GLOBAL""]","[""pre_seed""]","[""ai_first_startups""]",https://www.canastra.ventures/,https://www.canastra.ventures/pitch-us,"[{""kind"":""official_website"",""title"":""Official website and team"",""url"":""https://www.canastra.ventures/""},{""kind"":""official_application"",""title"":""Investment thesis, criteria, value add, and pitch route"",""url"":""https://www.canastra.ventures/pitch-us""},{""kind"":""official_website"",""title"":""AI Residency"",""url"":""https://www.canastra.ventures/air""}]",2026-07-26,funds/brazil/canastra-ventures.md,2026-07-27,2026-07-27,CC0-1.0
fund:capital-invent,Capital Invent,fund,"Capital Invent is an investment organization focused on Marketplaces, e-commerce, fintech, mobile, and SaaS in Mexico.",[],,country,MX,"[""MX""]","[""not_disclosed""]","[""marketplaces"",""e_commerce"",""fintech"",""mobile"",""saas""]",,,"[{""kind"":""secondary"",""title"":""Capital Invent — official LinkedIn company page"",""url"":""https://www.linkedin.com/company/capital-invent""}]",2026-07-26,funds/mexico/capital-invent.md,2026-07-27,2026-07-27,CC0-1.0
fund:carao-ventures,Carao Ventures,fund,Carao Ventures is an investment organization focused on Technology in Central America and Latin America.,[],,region,LATAM,"[""LATAM""]","[""not_disclosed""]","[""technology""]",https://www.caraov.com/,https://www.caraov.com/contacto,"[{""kind"":""official_portfolio"",""title"":""Portfolio"",""url"":""https://www.caraov.com/portfolio""},{""kind"":""official_application"",""title"":""Contact or application page"",""url"":""https://www.caraov.com/contacto""}]",2026-07-26,funds/regional/carao-ventures.md,2026-07-27,2026-07-27,CC0-1.0
fund:caravela-capital,Caravela Capital,fund,Caravela Capital is an investment organization focused on Technology in Latin America.,[],,region,LATAM,"[""LATAM""]","[""pre_seed"",""seed""]","[""technology""]",https://caravela.capital/,,"[{""kind"":""official_website"",""title"":""Fund website"",""url"":""https://caravela.capital/""},{""kind"":""official_website"",""title"":""Fund website"",""url"":""https://caravela.capital/wp-content/uploads/5.-Politica-de-Selecao-e-Alocacao-de-Investimento_Caravela-_FMD15.09.202....pdf""}]",2026-07-26,funds/regional/caravela-capital.md,2026-07-27,2026-07-27,CC0-1.0
fund:caricaco-ventures,Caricaco Ventures,fund,Caricaco Ventures invests in software and AI-native startups connected to Central America and the Dominican Republic.,[],,region,LATAM,"[""DO""]","[""not_disclosed""]","[""software"",""artificial_intelligence"",""purpose_driven_technology""]",https://caricaco.vc/,https://caricaco.vc/aplicar/,"[{""kind"":""official_website"",""title"":""CV2 launch and investment criteria"",""url"":""https://caricaco.vc/en/blog/introducing-cv2-the-first-check-for-global-founders-from-central-america-and-the-dominican-republic/""},{""kind"":""official_website"",""title"":""Caricaco Ventures"",""url"":""https://caricaco.vc/""}]",2026-07-27,funds/regional/caricaco-ventures.md,2026-07-27,2026-07-27,CC0-1.0
fund:carozzi-ventures,Carozzi Ventures,fund,Carozzi Ventures is the Chile-based corporate venture capital unit of food company Empresas Carozzi.,[],Empresas Carozzi,country,CL,"[""CL""]","[""not_disclosed""]","[""agrifood"",""pet_care"",""supply_chain"",""advanced_manufacturing""]",https://www.carozzicorp.com/carozzi-ventures/,https://www.carozzicorp.com/carozzi-ventures/,"[{""kind"":""official_application"",""title"":""Carozzi Ventures thesis and founder contact"",""url"":""https://www.carozzicorp.com/carozzi-ventures/""},{""kind"":""official_activity"",""title"":""Carozzi Ventures first investment"",""url"":""https://www.carozzicorp.com/lanzamiento-sinergia-id/""},{""kind"":""official_activity"",""title"":""Carozzi 2026 interim financial report"",""url"":""https://www.carozzicorp.com/wp-content/uploads/2026/06/EFTrimestrales-31.03.2026-1.pdf""}]",2026-07-30,funds/chile/carozzi-ventures.md,2026-07-27,2026-07-27,CC0-1.0
fund:chile-ventures,Chile Ventures,fund,Chile Ventures is a Chile-based venture capital firm that invests in recurring-revenue technology startups serving Latin America.,[],,region,LATAM,"[""CL"",""LATAM""]","[""not_disclosed""]","[""technology_startups_with_recurring_revenue_through_saas"",""subscriptions"",""or_licenses""]",https://chileventures.vc/en,https://chileventures.vc/en,"[{""kind"":""official_application"",""title"":""Chile Ventures portfolio, process, and application"",""url"":""https://chileventures.vc/en""}]",2026-07-27,funds/regional/chile-ventures.md,2026-07-27,2026-07-27,CC0-1.0
fund:cites,CITES,fund,CITES is an Argentina-based deep-tech company builder and investment manager backing science-based ventures from idea through Series A.,[],,region,LATAM,"[""AR"",""LATAM""]","[""pre_seed"",""seed"",""series_a""]","[""science_based_deep_tech""]",https://cites-gss.com/,https://cites-gss.com/,"[{""kind"":""official_application"",""title"":""Investment model and portfolio"",""url"":""https://cites-gss.com/""},{""kind"":""official_portfolio"",""title"":""Official portfolio"",""url"":""https://cites-gss.com/portfolio/""},{""kind"":""official_website"",""title"":""CITES 2024-2025 report"",""url"":""https://cites-gss.com/app/uploads/2026/01/Reporte-ASG-CITES-2024-2025.pdf""}]",2026-07-27,funds/regional/cites.md,2026-07-27,2026-07-27,CC0-1.0
fund:clocktower-technology-ventures,Clocktower Technology Ventures,fund,"Clocktower Technology Ventures is an investment organization focused on Financial technology in Global, including Latin America.",[],,global,GLOBAL,"[""GLOBAL"",""LATAM""]","[""not_disclosed""]","[""financial_technology""]",https://www.clocktowerventures.com/,,"[{""kind"":""secondary"",""title"":""Previously listed source; unavailable during verification"",""url"":""https://www.clocktowerventures.com/list-of-all-companies""}]",2026-07-26,funds/multi-country/clocktower-technology-ventures.md,2026-07-27,2026-07-27,CC0-1.0
fund:cmpc-ventures,CMPC Ventures,fund,CMPC Ventures is the corporate venture capital program of Chile-based forestry and materials company CMPC.,[],,country,CL,"[""GLOBAL""]","[""not_disclosed""]","[""sustainable_packaging"",""construction"",""wood_applications"",""biomaterials"",""digital_solutions"",""circular_business_models""]",https://www.cmpc.com/innovacion/cmpc-ventures/,,"[{""kind"":""official_portfolio"",""title"":""CMPC Ventures thesis and portfolio"",""url"":""https://www.cmpc.com/innovacion/cmpc-ventures/""},{""kind"":""official_website"",""title"":""CMPC Ventures investment in Rubi"",""url"":""https://www.cmpc.com/cmpc-ventures-invierte-en-revolucionaria-empresa-de-manufactura-sostenible/""}]",2026-07-27,funds/chile/cmpc-ventures.md,2026-07-27,2026-07-27,CC0-1.0
fund:cometa-variv,Cometa (ex-Variv),fund,Cometa (ex-Variv) is an investment organization focused on Technology in Spanish-speaking Latin America.,"[""Variv""]",,region,LATAM,"[""LATAM""]","[""pre_seed"",""seed"",""series_a""]","[""technology""]",https://www.cometa.vc/,https://www.cometa.vc/contact,"[{""kind"":""official_website"",""title"":""Fund website"",""url"":""https://www.cometa.vc/partners/atani""},{""kind"":""official_portfolio"",""title"":""Portfolio"",""url"":""https://www.cometa.vc/portfolio""},{""kind"":""official_thesis"",""title"":""About or investment thesis"",""url"":""https://www.cometa.vc/about""},{""kind"":""official_application"",""title"":""Contact or application page"",""url"":""https://www.cometa.vc/contact""}]",2026-07-26,funds/regional/cometa-variv.md,2026-07-27,2026-07-27,CC0-1.0
fund:copec-wind-ventures,Copec Wind Ventures,fund,Copec Wind Ventures is Copec's corporate venture capital unit investing globally in energy and mobility startups.,"[""Wind Ventures""]",Copec,country,CL,"[""GLOBAL""]","[""not_disclosed""]","[""energy"",""mobility"",""sustainability""]",https://ww2.copec.cl/personas/informacion-oficial-de-copec,,"[{""kind"":""official_thesis"",""title"":""Copec official corporate venture description"",""url"":""https://ww2.copec.cl/personas/informacion-oficial-de-copec""},{""kind"":""official_portfolio"",""title"":""Copec Wind Ventures portfolio metrics"",""url"":""https://ww2.copec.cl/personas/noticias/sostenibilidad/copec-wind-ventures-lidera-ranking-de-cvcs-en-chile""},{""kind"":""official_activity"",""title"":""Copec Wind Ventures investment in Optibus"",""url"":""https://ww2.copec.cl/personas/noticias/sostenibilidad/copec-refuerza-su-compromiso-con-la-electromovilidad-e-invierte-en-optibus-startup-que-implementa-ia-para-el-desarrollo-de-transporte-sostenible""}]",2026-07-30,funds/chile/copec-wind-ventures.md,2026-07-27,2026-07-27,CC0-1.0
fund:copel-ventures-i,Copel Ventures I,fund,Copel Ventures I is a Brazilian corporate venture capital vehicle that makes direct startup investments in partnership with Vox Capital.,[],Vox Capital,country,BR,"[""BR""]","[""not_disclosed""]","[""not_disclosed""]",https://www.copel.com/,,"[{""kind"":""official_activity"",""title"":""Copel invests in artificial intelligence startup for asset management"",""url"":""https://www.copel.com/site/noticias/copel-investe-em-startup-de-inteligencia-artificial-para-a-gestao-de-ativos/""}]",2026-07-30,funds/brazil/copel-ventures-i.md,2026-07-27,2026-07-27,CC0-1.0
fund:crescera-capital-bozano,Crescera Capital (ex-Bozano),fund,Crescera Capital (ex-Bozano) is an investment organization focused on Technology and high-growth companies in Brazil.,"[""Bozano""]",,country,BR,"[""BR""]","[""growth""]","[""technology"",""high_growth_companies""]",https://crescera.com/,https://crescera.com/en/contact/,"[{""kind"":""official_portfolio"",""title"":""Portfolio"",""url"":""https://crescera.com/en/portfolio-2/""},{""kind"":""official_portfolio"",""title"":""Portfolio"",""url"":""https://crescera.com/portfolio/""},{""kind"":""official_application"",""title"":""Contact or application page"",""url"":""https://crescera.com/en/contact/""}]",2026-07-26,funds/brazil/crescera-capital-bozano.md,2026-07-27,2026-07-27,CC0-1.0
fund:csn-inova-ventures,CSN Inova Ventures,fund,CSN Inova Ventures is a Brazilian corporate venture initiative that makes direct and recurring startup investments.,[],,country,BR,"[""BR""]","[""not_disclosed""]","[""not_disclosed""]",https://esg.csn.com.br/inovacao/,,"[{""kind"":""official_activity"",""title"":""CSN Inova and SOSA form a partnership to advance innovation in Brazil"",""url"":""https://esg.csn.com.br/news/csn-inova-e-sosa-firmam-parceria-para-impulsionar-inovacao-no-brasil/""}]",2026-07-30,funds/brazil/csn-inova-ventures.md,2026-07-27,2026-07-27,CC0-1.0
fund:cv-idexo,CV iDEXO,fund,CV iDEXO is a Brazilian corporate venture capital vehicle with a direct investment portfolio.,[],,country,BR,"[""BR""]","[""not_disclosed""]","[""not_disclosed""]",https://api.mziq.com/mzfilemanager/v2/d/d3be5d49-62e7-4def-a3e1-ab25ff09f153/6f68bd5d-b48f-f806-7e1d-8261e809845b?origin=2,,"[{""kind"":""official_website"",""title"":""TOTVS institutional document — CV iDEXO"",""url"":""https://api.mziq.com/mzfilemanager/v2/d/d3be5d49-62e7-4def-a3e1-ab25ff09f153/6f68bd5d-b48f-f806-7e1d-8261e809845b?origin=2""},{""kind"":""official_activity"",""title"":""Malga funding round"",""url"":""https://pt.linkedin.com/posts/felipefornaziere_malga-marketplace-de-pagamentos-do-ecommerce-activity-7300210272747634688-Ov8O""}]",2026-07-30,funds/brazil/cv-idexo.md,2026-07-27,2026-07-27,CC0-1.0
fund:dalus-capital,Dalus Capital,fund,Dalus Capital is an investment organization focused on Technology in Latin America.,[],,region,LATAM,"[""LATAM""]","[""not_disclosed""]","[""technology""]",https://www.daluscapital.com/,,"[{""kind"":""official_portfolio"",""title"":""Portfolio"",""url"":""https://www.daluscapital.com/portfolio""},{""kind"":""official_thesis"",""title"":""About or investment thesis"",""url"":""https://www.daluscapital.com/about""}]",2026-07-26,funds/regional/dalus-capital.md,2026-07-27,2026-07-27,CC0-1.0
fund:darwin-startups,Darwin Startups,fund,Darwin Startups is an investment organization focused on Technology startups in Brazil.,[],,country,BR,"[""BR""]","[""pre_seed"",""seed""]","[""technology_startups""]",https://www.darwinstartups.com/,https://www.darwinstartups.com/startups,"[{""kind"":""official_portfolio"",""title"":""Portfolio"",""url"":""https://www.darwinstartups.com/portfolio""},{""kind"":""official_application"",""title"":""Programs for startups and official investment count"",""url"":""https://www.darwinstartups.com/startups""},{""kind"":""official_application"",""title"":""Program and application terms"",""url"":""https://www.darwinstartups.com/ds-termos-de-uso""},{""kind"":""official_application"",""title"":""Contact or application page"",""url"":""https://www.darwinstartups.com/contato""}]",2026-07-26,funds/brazil/darwin-startups.md,2026-07-27,2026-07-27,CC0-1.0
fund:devlabs,devlabs,fund,devlabs is an investment organization focused on Globally scalable software in Latin America and the United States.,[],,global,GLOBAL,"[""LATAM"",""US""]","[""pre_seed"",""seed""]","[""globally_scalable_software""]",https://devlabs.vc/,,"[{""kind"":""official_website"",""title"":""Fund website"",""url"":""https://devlabs.vc/""}]",2026-07-26,funds/multi-country/devlabs.md,2026-07-27,2026-07-27,CC0-1.0
fund:dgf-investimentos,DGF Investimentos,fund,DGF Investimentos is an investment organization focused on High-growth technology companies in Brazil and Latin America.,[],,region,LATAM,"[""BR"",""LATAM""]","[""multi_stage""]","[""high_growth_technology_companies""]",https://www.dgf.com.br/,,"[{""kind"":""official_portfolio"",""title"":""Portfolio"",""url"":""https://www.dgf.com.br/portfolio""},{""kind"":""official_thesis"",""title"":""About or investment thesis"",""url"":""https://www.dgf.com.br/about-us""},{""kind"":""official_website"",""title"":""Fund website"",""url"":""https://www.dgf.com.br/""}]",2026-07-26,funds/regional/dgf-investimentos.md,2026-07-27,2026-07-27,CC0-1.0
fund:dila-capital,DILA Capital,fund,DILA Capital is an investment organization focused on Technology in Spanish-speaking Latin America and the United States.,[],,global,GLOBAL,"[""LATAM"",""US""]","[""seed"",""series_a""]","[""technology""]",https://www.dilacapital.com/,,"[{""kind"":""official_website"",""title"":""Fund website"",""url"":""https://www.dilacapital.com/home""},{""kind"":""official_website"",""title"":""Fund website"",""url"":""https://www.dilacapital.com/""}]",2026-07-26,funds/multi-country/dila-capital.md,2026-07-27,2026-07-27,CC0-1.0
fund:dna-capital,DNA Capital,fund,DNA Capital is a Brazilian investment organization making recurring venture investments in healthcare companies in Brazil and the United States.,[],,country,BR,"[""BR"",""US""]","[""not_disclosed""]","[""healthcare""]",https://dnacapital.com/pt/dna/,,"[{""kind"":""official_website"",""title"":""DNA Capital"",""url"":""https://dnacapital.com/pt/dna/""},{""kind"":""official_activity"",""title"":""DFC Approves 22 Transactions Totaling Nearly $3 Billion in Q1 of FY2025"",""url"":""https://www.dfc.gov/media/press-releases/dfc-approves-22-transactions-totaling-nearly-3-billion-q1-fy2025""}]",2026-07-30,funds/brazil/dna-capital.md,2026-07-27,2026-07-27,CC0-1.0
fund:domo-vc,DOMO.VC,fund,DOMO.VC is an investment organization focused on Technology in Brazil.,[],,country,BR,"[""BR""]","[""pre_seed"",""seed""]","[""technology""]",https://domo.vc/,https://domo.vc/contato-en/,"[{""kind"":""official_portfolio"",""title"":""Portfolio"",""url"":""https://domo.vc/portfolio-en/""},{""kind"":""official_application"",""title"":""Contact or application page"",""url"":""https://domo.vc/contato-en/""},{""kind"":""official_portfolio"",""title"":""Portfolio"",""url"":""https://domo.vc/portfolio-en/all-en/""},{""kind"":""official_portfolio"",""title"":""Portfolio"",""url"":""https://domo.vc/portfolio-en/adtech-en/""}]",2026-07-26,funds/brazil/domo.vc.md,2026-07-27,2026-07-27,CC0-1.0
fund:draper-cygnus,Draper Cygnus,fund,Draper Cygnus is an Argentina-based venture capital firm investing in early-stage deep-tech companies founded by Latin American entrepreneurs.,[],,region,LATAM,"[""GLOBAL"",""LATAM""]","[""seed"",""series_a""]","[""deep_tech""]",https://www.drapercygnus.vc/,https://www.drapercygnus.vc/contact,"[{""kind"":""official_portfolio"",""title"":""Official website and portfolio"",""url"":""https://www.drapercygnus.vc/""},{""kind"":""official_website"",""title"":""Investment manifesto"",""url"":""https://www.drapercygnus.vc/manifesto""},{""kind"":""official_application"",""title"":""Contact and check range"",""url"":""https://www.drapercygnus.vc/contact""},{""kind"":""official_website"",""title"":""Investment team"",""url"":""https://www.drapercygnus.vc/team""}]",2026-07-27,funds/regional/draper-cygnus.md,2026-07-27,2026-07-27,CC0-1.0
fund:dux-capital,Dux Capital,fund,"Dux Capital is a United States-based venture capital firm with offices in Austin and Mexico City, focused on underrepresented and cross-border founders.",[],,global,GLOBAL,"[""US""]","[""pre_seed"",""seed""]","[""technology"",""underrepresented_founders""]",https://duxcapital.vc/,https://duxcapital.vc/contact/,"[{""kind"":""official_thesis"",""title"":""Official thesis, offices, and funds"",""url"":""https://duxcapital.vc/""},{""kind"":""official_application"",""title"":""Official founder contact route"",""url"":""https://duxcapital.vc/contact/""}]",2026-07-27,funds/multi-country/dux-capital.md,2026-07-27,2026-07-27,CC0-1.0
fund:edp-ventures,EDP Ventures,fund,EDP Ventures is EDP's corporate venture capital arm for early-stage technology companies advancing the energy transition.,[],,global,GLOBAL,"[""GLOBAL""]","[""seed"",""series_a"",""series_b""]","[""energy_transition"",""energy_technology""]",https://edp.com/en/innovation/venture-investments,https://edp.com/en/innovation/venture-investments,"[{""kind"":""official_application"",""title"":""EDP venture investments"",""url"":""https://edp.com/en/innovation/venture-investments""},{""kind"":""official_website"",""title"":""EDP commitment to energy-transition startups"",""url"":""https://edp.com/en/media/news/edp-invest-100-million-euros-energy-transition-startups""}]",2026-07-27,funds/multi-country/edp-ventures.md,2026-07-27,2026-07-27,CC0-1.0
fund:ema-ventures,EMA Ventures,fund,EMA Ventures is an investment organization focused on Technology and women-led companies in Spanish-speaking Latin America.,[],,region,LATAM,"[""LATAM""]","[""pre_seed"",""seed""]","[""technology"",""women_led_companies""]",https://ema.ventures/,https://ema.ventures/get-funded/,"[{""kind"":""official_thesis"",""title"":""Official thesis and team"",""url"":""https://ema.ventures/""},{""kind"":""official_application"",""title"":""Official founder application"",""url"":""https://ema.ventures/get-funded/""}]",2026-07-27,funds/regional/ema-ventures.md,2026-07-27,2026-07-27,CC0-1.0
fund:embarca-ventures,Embarca Ventures,fund,Embarca Ventures is a Mendoza-based venture capital fund investing in technology startups across Argentina and Latin America.,[],,country,AR,"[""AR"",""LATAM""]","[""not_disclosed""]","[""technology""]",https://www.embarca.tech/inicio/,https://www.embarca.tech/inicio/,"[{""kind"":""official_thesis"",""title"":""Embarca Ventures"",""url"":""https://www.embarca.tech/inicio/""},{""kind"":""official_portfolio"",""title"":""Portfolio"",""url"":""https://www.embarca.tech/portfolio/""}]",2026-07-30,funds/argentina/embarca-ventures.md,2026-07-27,2026-07-27,CC0-1.0
fund:endeavor-catalyst,Endeavor Catalyst,fund,Endeavor Catalyst is an investment organization focused on Endeavor network companies in Global.,[],,global,GLOBAL,"[""GLOBAL""]","[""multi_stage""]","[""endeavor_network_companies""]",https://endeavor.org/catalyst/,https://endeavor.org/entrepreneur-experience/apply/,"[{""kind"":""official_website"",""title"":""Investment model, eligibility, and official investment count"",""url"":""https://endeavor.org/catalyst/""},{""kind"":""official_application"",""title"":""Contact or application page"",""url"":""https://endeavor.org/entrepreneur-experience/apply/""},{""kind"":""official_portfolio"",""title"":""Portfolio"",""url"":""https://endeavor.org/entrepreneur-companies/""},{""kind"":""official_thesis"",""title"":""About or investment thesis"",""url"":""https://endeavor.org/about-us/""}]",2026-07-26,funds/multi-country/endeavor-catalyst.md,2026-07-27,2026-07-27,CC0-1.0
fund:entrypoint,Entrypoint,fund,Entrypoint is a Brazilian pre-seed venture capital firm investing in technology startups with a functioning MVP and initial clients or proofs of concept.,[],,country,BR,"[""BR""]","[""pre_seed""]","[""technology_startups""]",https://entrypoint.vc/,https://airtable.com/appD4x694mYx8HTKc/pagi9EoW9lTCFKC7U/form,"[{""kind"":""official_thesis"",""title"":""Investment thesis, criteria, check range, and founder support"",""url"":""https://entrypoint.vc/""},{""kind"":""official_application"",""title"":""Startup application"",""url"":""https://airtable.com/appD4x694mYx8HTKc/pagi9EoW9lTCFKC7U/form""}]",2026-07-30,funds/brazil/entrypoint.md,2026-07-27,2026-07-27,CC0-1.0
fund:escalatec,Escalatec,fund,Escalatec is an early-stage venture capital fund focused on Bolivia.,[],,country,BO,"[""BO""]","[""not_disclosed""]","[""early_stage_technology_startups""]",https://escalatec.vc/,https://escalatec.vc/,"[{""kind"":""official_application"",""title"":""Escalatec"",""url"":""https://escalatec.vc/""}]",2026-07-27,funds/bolivia/escalatec.md,2026-07-27,2026-07-27,CC0-1.0
fund:eurofarma-ventures,Eurofarma Ventures,fund,Eurofarma Ventures is Eurofarma's corporate venture fund for biotechnology and breakthrough drug research and development.,[],,country,BR,"[""GLOBAL""]","[""not_disclosed""]","[""biotechnology"",""drug_discovery"",""advanced_therapies""]",https://eurofarma.com/eurofarma-ventures,https://eurofarma.com/eurofarma-ventures,"[{""kind"":""official_application"",""title"":""Eurofarma Ventures"",""url"":""https://eurofarma.com/eurofarma-ventures""},{""kind"":""official_thesis"",""title"":""Official fund launch and thesis"",""url"":""https://eurofarma.com/press-room/eurofarma-to-invest-up-to-100-million-in-biotechs""},{""kind"":""official_website"",""title"":""Integrated Report 2026, base year 2025"",""url"":""https://eurofarma.com/storage/media/21753/IntegratedReport26baseyear25.pdf""}]",2026-07-27,funds/brazil/eurofarma-ventures.md,2026-07-27,2026-07-27,CC0-1.0
fund:ewa-capital,EWA Capital,fund,EWA Capital invests in early-stage technology companies with a gender-smart approach.,[],,region,LATAM,"[""LATAM""]","[""seed"",""series_a""]","[""scalable_technology"",""inclusion"",""gender_equity""]",https://ewa.capital/,https://ewa.capital/,"[{""kind"":""official_application"",""title"":""EWA Capital"",""url"":""https://ewa.capital/""}]",2026-07-27,funds/regional/ewa-capital.md,2026-07-27,2026-07-27,CC0-1.0
fund:femsa-ventures,FEMSA Ventures,fund,"FEMSA Ventures is FEMSA's Mexico-based corporate venture capital arm, investing directly in startups that can scale through its Latin American businesses.",[],,country,MX,"[""MX"",""LATAM""]","[""not_disclosed""]","[""retail"",""beverages"",""logistics""]",https://www.femsaventures.com/,https://www.femsaventures.com/startupjourney,"[{""kind"":""official_thesis"",""title"":""FEMSA Ventures"",""url"":""https://www.femsaventures.com/""},{""kind"":""official_activity"",""title"":""Why We Invested: Aloi"",""url"":""https://www.femsaventures.com/blogs/why-we-invested-aloi/914""}]",2026-07-30,funds/mexico/femsa-ventures.md,2026-07-27,2026-07-27,CC0-1.0
fund:fen-ventures,Fen Ventures,fund,"Fen Ventures is an investment organization focused on Fintech, SaaS, and sustainability in Spanish-speaking Latin America.",[],,region,LATAM,"[""LATAM""]","[""pre_seed"",""seed""]","[""fintech"",""saas"",""sustainability""]",https://fenventures.com/,https://fenventures.com/contact/,"[{""kind"":""official_portfolio"",""title"":""Portfolio"",""url"":""https://fenventures.com/portfolio/admoai/""},{""kind"":""official_thesis"",""title"":""About or investment thesis"",""url"":""https://fenventures.com/about-us/""},{""kind"":""official_portfolio"",""title"":""Portfolio"",""url"":""https://fenventures.com/portfolio_/""},{""kind"":""official_application"",""title"":""Contact or application page"",""url"":""https://fenventures.com/contact/""}]",2026-07-26,funds/regional/fen-ventures.md,2026-07-27,2026-07-27,CC0-1.0
fund:fip-nordeste-capital-semente,FIP Nordeste Capital Semente,fund,FIP Nordeste Capital Semente is a venture capital vehicle managed by Triaxis Capital and Crescera Ventures for technology startups in Brazil's Northeast and adjacent eligible regions.,[],,country,BR,"[""BR""]","[""pre_seed"",""seed""]","[""technology_startups_contributing_to_regional_development""]",https://www.fipnordeste.com/,https://www.fipnordeste.com/,"[{""kind"":""official_application"",""title"":""FIP Nordeste Capital Semente website"",""url"":""https://www.fipnordeste.com/""},{""kind"":""secondary"",""title"":""Banco do Nordeste fund announcement"",""url"":""https://www.bnb.gov.br/imprensa/noticias/-/asset_publisher/QGdgGhxvRtMv/content/bnb-finep-e-sebrae-lan%C3%A7am-fundos-financeiros-para-startups-e-mulheres-empreendedoras/44540""},{""kind"":""secondary"",""title"":""Triaxis Capital official updates"",""url"":""https://www.linkedin.com/company/triaxis-capital""}]",2026-07-27,funds/brazil/fip-nordeste-capital-semente.md,2026-07-27,2026-07-27,CC0-1.0
fund:fj-labs,FJ Labs,fund,FJ Labs is an investment organization focused on Marketplaces and network effects in Global.,[],,global,GLOBAL,"[""GLOBAL""]","[""pre_seed"",""seed""]","[""marketplaces"",""network_effects""]",https://www.fjlabs.com/,,"[{""kind"":""official_portfolio"",""title"":""Portfolio"",""url"":""https://www.fjlabs.com/portfolio""},{""kind"":""official_website"",""title"":""Fund website"",""url"":""https://www.fjlabs.com/strategy""},{""kind"":""official_portfolio"",""title"":""Portfolio"",""url"":""https://www.fjlabs.com/portfolio?6b6149fe_page=2""}]",2026-07-26,funds/multi-country/fj-labs.md,2026-07-27,2026-07-27,CC0-1.0
fund:flourish-ventures,Flourish Ventures,fund,Flourish Ventures is a global early-stage evergreen venture fund backing technology-enabled companies that improve financial health and prosperity.,"[""Flourish VC""]",,global,GLOBAL,"[""GLOBAL"",""LATAM""]","[""not_disclosed""]","[""financial_health"",""financial_services""]",https://flourishventures.com/,,"[{""kind"":""official_thesis"",""title"":""Investment model and thesis"",""url"":""https://flourishventures.com/how-we-work/""},{""kind"":""official_website"",""title"":""Fund overview and geography"",""url"":""https://flourishventures.com/about-us/""},{""kind"":""official_portfolio"",""title"":""Latin America portfolio"",""url"":""https://flourishventures.com/portfolio/latin-america/""}]",2026-07-30,funds/multi-country/flourish-ventures.md,2026-07-27,2026-07-27,CC0-1.0
fund:fundepar,Fundepar,fund,"Fundepar is a Brazilian venture capital manager supporting innovative, high-growth businesses through direct investments and dedicated vehicles.",[],,country,BR,"[""BR""]","[""not_disclosed""]","[""technology"",""science_based_innovation"",""positive_social_or_environmental_impact""]",https://fundepar.com.br/,https://fundepar.com.br/fundos-e-programas/formulario-de-inscricao-seed4science/,"[{""kind"":""official_website"",""title"":""Fundepar website"",""url"":""https://fundepar.com.br/""},{""kind"":""secondary"",""title"":""Fundep institutional profile"",""url"":""https://www.fundep.ufmg.br/fundepar""},{""kind"":""official_website"",""title"":""Official 2026 investment announcement"",""url"":""https://fundepar.com.br/fundepar-anuncia-investimento-em-startup-mineira-que-reduz-uso-de-plastico-no-setor-automotivo/""},{""kind"":""official_application"",""title"":""Seed4Science application form"",""url"":""https://fundepar.com.br/fundos-e-programas/formulario-de-inscricao-seed4science/""}]",2026-07-27,funds/brazil/fundepar.md,2026-07-27,2026-07-27,CC0-1.0
fund:fundo-inovabra-i,Fundo inovabra I,fund,"Fundo inovabra I is a proprietary corporate venture capital vehicle of Bradesco, operated within the bank's inovabra ventures investment platform.",[],,country,BR,"[""GLOBAL""]","[""series_a"",""series_b""]","[""technology_across_financial"",""non_financial_sectors""]",https://www.inovabra.com.br/content/inovabra/startups.html,https://www.inovabra.com.br/content/inovabra/startups.html,"[{""kind"":""official_application"",""title"":""inovabra ventures and Fundo inovabra I"",""url"":""https://www.inovabra.com.br/content/inovabra/startups.html""}]",2026-07-27,funds/brazil/fundo-inovabra-i.md,2026-07-27,2026-07-27,CC0-1.0
fund:galicia-ventures,Galicia Ventures,fund,Galicia Ventures is Grupo Financiero Galicia's corporate venture capital program for early-stage Latin American startups.,[],,region,LATAM,"[""LATAM""]","[""pre_seed"",""seed"",""series_a"",""series_b""]","[""fintech"",""insurtech"",""agtech"",""disruptive_technology"",""b2b_models""]",https://galicia-ventures.ar/,https://galicia-ventures.ar/,"[{""kind"":""official_application"",""title"":""Investment thesis and contact"",""url"":""https://galicia-ventures.ar/""},{""kind"":""official_website"",""title"":""Strike investment announcement"",""url"":""https://galicia-ventures.ar/strike-se-suma-al-portfolio-de-galicia-ventures/""}]",2026-07-27,funds/regional/galicia-ventures.md,2026-07-27,2026-07-27,CC0-1.0
fund:genesis-ventures,Genesis Ventures,fund,"Genesis Ventures is an investment organization focused on Technology, energy, and real estate in Chile and Latin America.",[],,region,LATAM,"[""CL"",""LATAM""]","[""multi_stage""]","[""technology"",""energy"",""real_estate""]",https://genesisventures.vc/,https://genesisventures.vc/contact/,"[{""kind"":""official_website"",""title"":""Fund website"",""url"":""https://genesisventures.vc/""},{""kind"":""official_thesis"",""title"":""About or investment thesis"",""url"":""https://genesisventures.vc/about/""},{""kind"":""official_website"",""title"":""Fund website"",""url"":""https://genesisventures.vc/genesis-ventures-i/""},{""kind"":""official_application"",""title"":""Contact or application page"",""url"":""https://genesisventures.vc/contact/""}]",2026-07-26,funds/regional/genesis-ventures.md,2026-07-27,2026-07-27,CC0-1.0
fund:gerdau-next-ventures,Gerdau Next Ventures,fund,Gerdau Next Ventures is Gerdau Next's corporate venture capital and startup acceleration initiative for developing businesses adjacent to Gerdau.,[],,country,BR,"[""NOT_DISCLOSED""]","[""not_disclosed""]","[""construction"",""mobility"",""sustainability"",""technology""]",https://www2.gerdau.com.br/wp-content/uploads/sites/2/2025/05/sobre_gerdaunext.pdf,,"[{""kind"":""official_website"",""title"":""Official Gerdau Next presentation"",""url"":""https://www2.gerdau.com.br/wp-content/uploads/sites/2/2025/05/sobre_gerdaunext.pdf""}]",2026-07-27,funds/brazil/gerdau-next-ventures.md,2026-07-27,2026-07-27,CC0-1.0
fund:global-founders-capital,Global Founders Capital,fund,"Global Founders Capital is an investment organization focused on Technology, sector agnostic in Global, including Latin America.",[],,global,GLOBAL,"[""GLOBAL"",""LATAM""]","[""pre_seed"",""seed""]","[""technology"",""sector_agnostic""]",https://www.globalfounderscapital.com/,,"[{""kind"":""official_website"",""title"":""Fund website"",""url"":""https://www.globalfounderscapital.com/""},{""kind"":""secondary"",""title"":""Fund website"",""url"":""https://latamlist.com/energy-trader-bia-wraps-6-million-to-lower-energy-costs-for-businesses-in-colombia/""},{""kind"":""secondary"",""title"":""Fund website"",""url"":""https://latamlist.com/category/startup-news/""},{""kind"":""secondary"",""title"":""Fund website"",""url"":""https://latamlist.com/category/startup-news/funding/""}]",2026-07-26,funds/multi-country/global-founders-capital.md,2026-07-27,2026-07-27,CC0-1.0
fund:globant-ventures,Globant Ventures,fund,Globant Ventures is Globant's corporate venture capital fund for technology startups from Seed through Series A.,[],,country,AR,"[""GLOBAL""]","[""seed"",""series_a""]","[""artificial_intelligence"",""blockchain"",""the_future_of_work""]",https://www.globantventures.com/index.php/,https://www.globantventures.com/index.php/,"[{""kind"":""official_application"",""title"":""Investment thesis, portfolio, and application"",""url"":""https://www.globantventures.com/index.php/""}]",2026-07-27,funds/argentina/globant-ventures.md,2026-07-27,2026-07-27,CC0-1.0
fund:glocal-latam,GLOCAL Latam,fund,GLOCAL Latam is an Argentina-based accelerator and venture capital fund investing in Latin American AgriFoodTech and ClimateTech startups.,[],,region,LATAM,"[""LATAM""]","[""not_disclosed""]","[""agrifoodtech"",""climatetech""]",https://www.glocalmanagers.com/,https://www.glocalmanagers.com/es/startups-es/,"[{""kind"":""official_website"",""title"":""Investment and acceleration overview"",""url"":""https://www.glocalmanagers.com/""},{""kind"":""official_application"",""title"":""Startup application"",""url"":""https://www.glocalmanagers.com/es/startups-es/""}]",2026-07-27,funds/regional/glocal-latam.md,2026-07-27,2026-07-27,CC0-1.0
fund:grao-vc,Grão VC,fund,"Grão VC is the venture capital arm of a Brazilian family office, investing directly in early-stage Brazilian startups.",[],,country,BR,"[""BR""]","[""not_disclosed""]","[""not_disclosed""]",https://grao.vc/,,"[{""kind"":""official_website"",""title"":""About Grão"",""url"":""https://grao.vc/a-grao/""},{""kind"":""official_activity"",""title"":""Why did we invest in Stay?"",""url"":""https://grao.vc/en/por-que-investimos-na-stay/""}]",2026-07-30,funds/brazil/grao-vc.md,2026-07-27,2026-07-27,CC0-1.0
fund:gridx,GRIDX,fund,GRIDX is a company-building venture fund that turns Latin American bioscience research into startups targeting global markets.,[],,global,GLOBAL,"[""GLOBAL"",""LATAM""]","[""pre_seed""]","[""life_sciences"",""biotech""]",https://www.gridexponential.com/,,"[{""kind"":""official_thesis"",""title"":""GRIDX investment thesis"",""url"":""https://www.gridexponential.com/investment-thesis""},{""kind"":""official_website"",""title"":""How GRIDX works"",""url"":""https://www.gridexponential.com/how-it-works""},{""kind"":""official_portfolio"",""title"":""Official portfolio"",""url"":""https://www.gridexponential.com/portfolio""}]",2026-07-25,funds/multi-country/gridx.md,2026-07-27,2026-07-27,CC0-1.0
fund:grupo-boticario-ventures,Grupo Boticário Ventures,fund,Grupo Boticário Ventures is Grupo Boticário's corporate venture unit for beauty and retail innovation.,[],,country,BR,"[""BR"",""GLOBAL""]","[""seed"",""series_a""]","[""beauty"",""retail""]",https://ventures.grupoboticario.com.br/,https://ventures.grupoboticario.com.br/investimento,"[{""kind"":""official_website"",""title"":""Corporate venture initiatives and official investment count"",""url"":""https://ventures.grupoboticario.com.br/""},{""kind"":""official_application"",""title"":""Investment criteria, portfolio, and application"",""url"":""https://ventures.grupoboticario.com.br/investimento""},{""kind"":""official_thesis"",""title"":""Official CVC announcement, stage, ticket, and thesis"",""url"":""https://www.grupoboticario.com.br/midia/grupo-boticario-investe-100-milhoes-startups/""},{""kind"":""official_application"",""title"":""Startup connection and investment form"",""url"":""https://ventures.grupoboticario.com.br/conecte-se-conosco""}]",2026-07-26,funds/brazil/grupo-boticario-ventures.md,2026-07-27,2026-07-27,CC0-1.0
fund:hi-ventures-allvp,Hi Ventures (ex-ALLVP),fund,Hi Ventures (ex-ALLVP) is an investment organization focused on AI and technology in Latin America.,"[""ALLVP""]",,region,LATAM,"[""LATAM""]","[""pre_seed"",""seed""]","[""ai"",""technology""]",https://www.hi.vc/,,"[{""kind"":""official_portfolio"",""title"":""Portfolio"",""url"":""https://www.hi.vc/portfolio""}]",2026-07-26,funds/regional/hi-ventures-allvp.md,2026-07-27,2026-07-27,CC0-1.0
fund:hiker-ventures,Hiker Ventures,fund,"Hiker Ventures is AF Invest's Brazilian early-stage venture capital brand, investing its own capital directly in startups.",[],AF Invest Administração de Recursos,country,BR,"[""BR""]","[""not_disclosed""]","[""not_disclosed""]",https://www.hiker.ventures/,,"[{""kind"":""official_website"",""title"":""Hiker Ventures"",""url"":""https://www.hiker.ventures/""},{""kind"":""official_activity"",""title"":""Datlo receives investment led by Hiker Ventures"",""url"":""https://blog.datlo.com/datlo-recebe-aporte-hiker-ventures""}]",2026-07-30,funds/brazil/hiker-ventures.md,2026-07-27,2026-07-27,CC0-1.0
fund:honey-island-capital,Honey Island Capital,fund,Honey Island Capital is an investment organization focused on Fintech and technology in Brazil.,[],,country,BR,"[""BR""]","[""not_disclosed""]","[""fintech"",""technology""]",https://honeyisland.capital/,,"[{""kind"":""official_portfolio"",""title"":""Portfolio"",""url"":""https://honeyisland.capital/portfolio/""},{""kind"":""official_website"",""title"":""Fund website"",""url"":""https://honeyisland.capital/wp-content/uploads/2026/04/HI-Capital-Demonstracoes-Financeiras-2025-sintetico-pdf-D4Sign.pdf""}]",2026-07-26,funds/brazil/honey-island-capital.md,2026-07-27,2026-07-27,CC0-1.0
fund:igah-ventures-patria,Igah Ventures (Patria),fund,Igah Ventures (Patria) is an investment organization focused on High-growth companies in Brazil and Latin America.,[],Patria,global,GLOBAL,"[""BR"",""LATAM""]","[""multi_stage""]","[""high_growth_companies""]",https://www.patriaventure.com/,,"[{""kind"":""secondary"",""title"":""Previously listed source; unavailable during verification"",""url"":""https://www.patriaventure.com/""}]",2026-07-26,funds/multi-country/igah-ventures-patria.md,2026-07-27,2026-07-27,CC0-1.0
fund:ignia,IGNIA,fund,IGNIA is an investment organization focused on Technology and inclusive growth in Latin America.,[],,region,LATAM,"[""LATAM""]","[""seed"",""series_a""]","[""technology"",""inclusive_growth""]",https://www.ignia.vc/,,"[{""kind"":""official_portfolio"",""title"":""Portfolio"",""url"":""https://www.ignia.vc/portfolio""},{""kind"":""official_thesis"",""title"":""About or investment thesis"",""url"":""https://www.ignia.vc/about""}]",2026-07-26,funds/regional/ignia.md,2026-07-27,2026-07-27,CC0-1.0
fund:impact-ventures-psm,Impact Ventures PSM,fund,Impact Ventures PSM is an investment organization focused on Impact entrepreneurship in Mexico and Latin America.,[],,global,GLOBAL,"[""LATAM"",""MX""]","[""seed"",""series_a""]","[""impact_entrepreneurship""]",https://ivpsm.org.mx/,https://ivpsm.org.mx/contactanos/,"[{""kind"":""official_portfolio"",""title"":""Portfolio"",""url"":""https://ivpsm.org.mx/portafolio/""},{""kind"":""official_application"",""title"":""Contact or application page"",""url"":""https://ivpsm.org.mx/contactanos/""}]",2026-07-26,funds/multi-country/impact-ventures-psm.md,2026-07-27,2026-07-27,CC0-1.0
fund:impacta-vc,Impacta VC,fund,Impacta VC is a Chile-based venture capital firm backing impact-driven founders across Latin America.,[],,region,LATAM,"[""LATAM""]","[""seed""]","[""social"",""environmental_impact""]",https://www.impacta.vc/,https://www.impacta.vc/,"[{""kind"":""official_application"",""title"":""Impacta VC investment profile, portfolio, and application"",""url"":""https://www.impacta.vc/""}]",2026-07-27,funds/regional/impacta-vc.md,2026-07-27,2026-07-27,CC0-1.0
fund:in3,IN3,fund,IN3 is a Brazilian impact investment manager connecting investors with innovative businesses addressing social and environmental challenges.,[],,country,BR,"[""BR""]","[""not_disclosed""]","[""social"",""environmental_impact""]",https://intr3s.com.br/,,"[{""kind"":""official_website"",""title"":""IN3"",""url"":""https://intr3s.com.br/""},{""kind"":""official_thesis"",""title"":""Investment thesis and geography"",""url"":""https://intr3s.com.br/nossa-atuacao""},{""kind"":""official_portfolio"",""title"":""Official investments"",""url"":""https://intr3s.com.br/investidas""},{""kind"":""secondary"",""title"":""Official IN3 LinkedIn channel"",""url"":""https://www.linkedin.com/company/in3citi.com/""}]",2026-07-27,funds/brazil/in3.md,2026-07-27,2026-07-27,CC0-1.0
fund:indicator-capital,Indicator Capital,fund,Indicator Capital is an investment organization focused on Deep tech in Latin America.,[],,region,LATAM,"[""LATAM""]","[""pre_seed"",""seed""]","[""deep_tech""]",https://indicator.capital/,,"[{""kind"":""official_portfolio"",""title"":""Portfolio"",""url"":""https://indicator.capital/portfolio""},{""kind"":""official_thesis"",""title"":""About or investment thesis"",""url"":""https://indicator.capital/thesis""},{""kind"":""official_thesis"",""title"":""About or investment thesis"",""url"":""https://indicator.capital/about""},{""kind"":""official_website"",""title"":""Fund website"",""url"":""https://indicator.capital/start""}]",2026-07-26,funds/regional/indicator-capital.md,2026-07-27,2026-07-27,CC0-1.0
fund:infinite-capital,Infinite Capital,fund,Infinite Capital is an investment organization focused on Breakthrough science and engineering in Global.,[],,global,GLOBAL,"[""GLOBAL""]","[""pre_seed"",""seed""]","[""breakthrough_science"",""engineering""]",https://www.infinite.xyz/,,"[{""kind"":""official_portfolio"",""title"":""Portfolio"",""url"":""https://www.infinite.xyz/portfolio""},{""kind"":""official_thesis"",""title"":""About or investment thesis"",""url"":""https://www.infinite.xyz/thesis""},{""kind"":""official_website"",""title"":""Fund website"",""url"":""https://www.infinite.xyz/crypto""}]",2026-07-26,funds/multi-country/infinite-capital.md,2026-07-27,2026-07-27,CC0-1.0
fund:innogen-capital-ventures,Innogen Capital Ventures,fund,Innogen Capital Ventures invests in early-stage technology companies across northern Latin America.,[],,region,LATAM,"[""CARIBBEAN"",""CO"",""MX""]","[""pre_seed"",""seed"",""series_a""]","[""financial_inclusion"",""healthcare"",""retail"",""logistics"",""proptech"",""agtech""]",https://innogencapital.com/,https://innogencapital.com/en/,"[{""kind"":""official_application"",""title"":""Innogen thesis, funds, checks, and application"",""url"":""https://innogencapital.com/en/""},{""kind"":""official_portfolio"",""title"":""Boxful portfolio entry"",""url"":""https://innogencapital.com/es/startup/boxful1/""},{""kind"":""official_portfolio"",""title"":""Ginih portfolio entry"",""url"":""https://innogencapital.com/es/startup/ginih/""}]",2026-07-27,funds/regional/innogen-capital-ventures.md,2026-07-27,2026-07-27,CC0-1.0
fund:innventure,Innventure,fund,Innventure is an Argentina-based venture capital fund specializing in Latin American AgriFoodTech.,[],,region,LATAM,"[""LATAM""]","[""not_disclosed""]","[""agtech"",""agrifoodtech""]",https://innventure.com.ar/,https://innventure.com.ar/,"[{""kind"":""official_application"",""title"":""Investment thesis, metrics, and application"",""url"":""https://innventure.com.ar/""}]",2026-07-27,funds/regional/innventure.md,2026-07-27,2026-07-27,CC0-1.0
fund:invariantes-fund,Invariantes Fund,fund,"Invariantes Fund is an investment organization focused on Technology, sector agnostic in Latin America and the United States.",[],,global,GLOBAL,"[""LATAM"",""US""]","[""pre_seed"",""seed""]","[""technology"",""sector_agnostic""]",https://www.invariantes.com/,https://www.invariantes.com/contact_website,"[{""kind"":""official_portfolio"",""title"":""Portfolio"",""url"":""https://www.invariantes.com/portfolio_website""},{""kind"":""official_website"",""title"":""Fund website"",""url"":""https://www.invariantes.com/us_website""},{""kind"":""official_application"",""title"":""Contact or application page"",""url"":""https://www.invariantes.com/contact_website""}]",2026-07-26,funds/multi-country/invariantes-fund.md,2026-07-27,2026-07-27,CC0-1.0
fund:invest-tech,Invest Tech,fund,Invest Tech is a Brazilian private equity and venture capital manager investing in technology-enabled companies that digitize the country's economy.,[],,country,BR,"[""BR""]","[""seed""]","[""technology_enabled_b2b_companies""]",https://investtech.com.br/,https://investtech.com.br/en/#contato,"[{""kind"":""official_portfolio"",""title"":""Invest Tech website and portfolio"",""url"":""https://investtech.com.br/""},{""kind"":""official_thesis"",""title"":""Venture capital funds and strategy"",""url"":""https://investtech.com.br/en/fundos/""},{""kind"":""official_application"",""title"":""Contact form"",""url"":""https://investtech.com.br/en/#contato""}]",2026-07-27,funds/brazil/invest-tech.md,2026-07-27,2026-07-27,CC0-1.0
fund:invexor-venture-partners,Invexor Venture Partners,fund,Invexor Venture Partners is a Chile-based venture capital manager investing in early-stage technology startups.,[],,country,CL,"[""CL"",""US""]","[""pre_seed"",""seed"",""series_a""]","[""innovative_technology_startups""]",https://www.invexor.com/,,"[{""kind"":""official_website"",""title"":""Invexor investment process and fund metrics"",""url"":""https://www.invexor.com/""}]",2026-07-27,funds/chile/invexor-venture-partners.md,2026-07-27,2026-07-27,CC0-1.0
fund:iporanga-ventures,Iporanga Ventures,fund,Iporanga Ventures is an investment organization focused on Software and technology in Brazil.,[],,country,BR,"[""BR""]","[""pre_seed"",""seed""]","[""software"",""technology""]",https://www.ipo.ventures/,,"[{""kind"":""official_portfolio"",""title"":""Portfolio"",""url"":""https://www.ipo.ventures/companies/abstra""},{""kind"":""official_portfolio"",""title"":""Portfolio"",""url"":""https://www.ipo.ventures/companies""}]",2026-07-26,funds/brazil/iporanga-ventures.md,2026-07-27,2026-07-27,CC0-1.0
fund:itau-ventures,Itaú Ventures,fund,Itaú Ventures is Itaú Unibanco's corporate venture capital fund for strategic innovation in financial services and adjacent technologies.,[],,region,LATAM,"[""BR"",""LATAM""]","[""not_disclosed""]","[""financial_services"",""adjacent_technologies""]",https://www.itau.com.br/ventures,,"[{""kind"":""official_portfolio"",""title"":""Investment thesis and official portfolio"",""url"":""https://www.itau.com.br/ventures""},{""kind"":""official_website"",""title"":""Official launch, fund size, geography, and initial ticket"",""url"":""https://www.itau.com.br/relacoes-com-investidores/noticias/itau-unibanco-lanca-itau-ventures-seu-novo-fundo-de-corporate-venture-capital/""}]",2026-07-26,funds/regional/itau-ventures.md,2026-07-27,2026-07-27,CC0-1.0
fund:ithink-vc,iThink VC,fund,iThink VC invests in technology companies from emerging Latin American ecosystems.,[],,region,LATAM,"[""BO"",""EC"",""PE"",""PY"",""UY""]","[""pre_seed"",""seed""]","[""technology_solving_structural_problems_in_latin_america""]",https://www.ithink.vc/,https://www.ithink.vc/,"[{""kind"":""official_application"",""title"":""iThink VC"",""url"":""https://www.ithink.vc/""}]",2026-07-27,funds/regional/ithink-vc.md,2026-07-27,2026-07-27,CC0-1.0
fund:kalei-ventures,Kalei Ventures,fund,Kalei Ventures is an investment organization focused on AI-enabled technology in Latin America.,[],,region,LATAM,"[""LATAM""]","[""pre_seed"",""seed""]","[""ai_enabled_technology""]",https://www.kaleiventures.com/,,"[{""kind"":""official_portfolio"",""title"":""Portfolio"",""url"":""https://www.kaleiventures.com/#portfolio""},{""kind"":""official_website"",""title"":""Fund website"",""url"":""https://www.kaleiventures.com/""}]",2026-07-26,funds/regional/kalei-ventures.md,2026-07-27,2026-07-27,CC0-1.0
fund:kamay-ventures,Kamay Ventures,fund,Kamay Ventures is an Argentina-based multi-corporate venture capital fund investing in startups that transform the consumer-goods value chain in Latin America.,[],,region,LATAM,"[""LATAM""]","[""seed"",""series_a""]","[""technology_for_the_consumer_goods_value_chain""]",https://kamayventures.com/,https://kamayventures.com/,"[{""kind"":""official_application"",""title"":""Investment thesis, portfolio, and application"",""url"":""https://kamayventures.com/""}]",2026-07-27,funds/regional/kamay-ventures.md,2026-07-27,2026-07-27,CC0-1.0
fund:kaszek,Kaszek,fund,Kaszek is an investment organization focused on Technology in Latin America.,[],,region,LATAM,"[""LATAM""]","[""multi_stage""]","[""technology""]",https://www.kaszek.com/,,"[{""kind"":""official_portfolio"",""title"":""Portfolio"",""url"":""https://www.kaszek.com/companies/""}]",2026-07-26,funds/regional/kaszek.md,2026-07-27,2026-07-27,CC0-1.0
fund:kayyak-ventures,Kayyak Ventures,fund,Kayyak Ventures is an investment organization focused on Technology in Latin America.,[],,region,LATAM,"[""LATAM""]","[""seed"",""series_a"",""series_b""]","[""technology""]",https://www.kayyakventures.com/,https://www.kayyakventures.com/contact,"[{""kind"":""official_portfolio"",""title"":""Portfolio"",""url"":""https://www.kayyakventures.com/portfolio""},{""kind"":""official_website"",""title"":""Fund website"",""url"":""https://www.kayyakventures.com/home""},{""kind"":""official_application"",""title"":""Contact or application page"",""url"":""https://www.kayyakventures.com/contact""}]",2026-07-26,funds/regional/kayyak-ventures.md,2026-07-27,2026-07-27,CC0-1.0
fund:kolab-ventures,Kolab Ventures,fund,"Kolab Ventures is an investment organization focused on AI, fintech, and cross-border technology in Mexico and Latin America.",[],,global,GLOBAL,"[""LATAM"",""MX""]","[""not_disclosed""]","[""ai"",""fintech"",""cross_border_technology""]",https://kolabventures.com/,,"[{""kind"":""official_portfolio"",""title"":""Portfolio"",""url"":""https://kolabventures.com/portfolio""}]",2026-07-26,funds/multi-country/kolab-ventures.md,2026-07-27,2026-07-27,CC0-1.0
fund:kptl,KPTL,fund,"KPTL is an investment organization focused on Deep tech, health, bioeconomy, and technology in Brazil.",[],,country,BR,"[""BR""]","[""multi_stage""]","[""deep_tech"",""health"",""bioeconomy"",""technology""]",https://www.kptl.com.br/,https://www.kptl.com.br/contato/,"[{""kind"":""official_portfolio"",""title"":""Portfolio"",""url"":""https://www.kptl.com.br/portfolio/""},{""kind"":""official_application"",""title"":""Contact or application page"",""url"":""https://www.kptl.com.br/contato/""},{""kind"":""official_thesis"",""title"":""About or investment thesis"",""url"":""https://www.kptl.com.br/sobre-kptl/""},{""kind"":""official_website"",""title"":""Fund website"",""url"":""https://www.kptl.com.br/fundo-venture-capital/""}]",2026-07-26,funds/brazil/kptl.md,2026-07-27,2026-07-27,CC0-1.0
fund:krealo,Krealo,fund,Krealo is an investment organization focused on Financial technology in Latin America.,[],,region,LATAM,"[""LATAM""]","[""seed"",""series_a""]","[""financial_technology""]",https://www.krealo.pe/,https://www.krealo.pe/,"[{""kind"":""official_application"",""title"":""Investment thesis, portfolio count, and pitch route"",""url"":""https://www.krealo.pe/""},{""kind"":""official_portfolio"",""title"":""Portfolio"",""url"":""https://www.krealo.pe/portafolio""}]",2026-07-26,funds/regional/krealo.md,2026-07-27,2026-07-27,CC0-1.0
fund:kuiper,Kuiper,fund,Kuiper is an investment organization focused on Technology in Latin America and the United States.,[],,global,GLOBAL,"[""LATAM"",""US""]","[""not_disclosed""]","[""technology""]",https://www.kuipervc.com/,https://www.kuipervc.com/contacto,"[{""kind"":""official_portfolio"",""title"":""Portfolio"",""url"":""https://www.kuipervc.com/portfolio""},{""kind"":""official_application"",""title"":""Contact or application page"",""url"":""https://www.kuipervc.com/contacto""}]",2026-07-26,funds/multi-country/kuiper.md,2026-07-27,2026-07-27,CC0-1.0
fund:l4-venture-builder,L4 Venture Builder,fund,L4 Venture Builder is a Brazil-based independent single-LP growth fund created in 2023 with capital from B3 and a portfolio of direct company investments.,[],,country,BR,"[""BR""]","[""growth""]","[""not_disclosed""]",https://www.l4vb.com/,,"[{""kind"":""official_portfolio"",""title"":""L4 Venture Builder official website and portfolio"",""url"":""https://www.l4vb.com/""},{""kind"":""official_activity"",""title"":""B3 report on L4 Venture Builder operations"",""url"":""https://www.b3.com.br/pt_br/noticias/l4-venture-builder.htm""}]",2026-07-30,funds/brazil/l4-venture-builder.md,2026-07-27,2026-07-27,CC0-1.0
fund:latitud-ventures,Latitud Ventures,fund,"Latitud Ventures is an investment organization focused on Technology, sector agnostic in Latin America.",[],,global,GLOBAL,"[""LATAM""]","[""pre_seed"",""seed""]","[""technology"",""sector_agnostic""]",https://latitud.com/,,"[{""kind"":""official_portfolio"",""title"":""Portfolio"",""url"":""https://latitud.com/portfolio""}]",2026-07-26,funds/multi-country/latitud-ventures.md,2026-07-27,2026-07-27,CC0-1.0
fund:leap-caja-los-andes,Leap,fund,Leap is Caja Los Andes' Chile-based corporate venture capital platform for social-purpose startups.,"[""Leap by Caja Los Andes""]",Caja Los Andes,country,CL,"[""CL""]","[""not_disclosed""]","[""social_impact"",""fintech"",""insurtech"",""wellness"",""security""]",https://leap.cajalosandes.cl/,,"[{""kind"":""official_portfolio"",""title"":""Leap corporate venture capital and portfolio"",""url"":""https://leap.cajalosandes.cl/""},{""kind"":""secondary"",""title"":""Chile corporate venture activity in 2026"",""url"":""https://fch.cl/noticias/deben-los-corporativos-jugar-bajo-las-reglas-del-venture-capital/""}]",2026-07-30,funds/chile/leap-caja-los-andes.md,2026-07-27,2026-07-27,CC0-1.0
fund:lightrock,Lightrock,fund,Lightrock is a global growth and venture investor with a direct portfolio and an active investment strategy in Brazil.,[],,global,GLOBAL,"[""GLOBAL"",""BR""]","[""not_disclosed""]","[""not_disclosed""]",https://www.lightrock.com/,,"[{""kind"":""official_thesis"",""title"":""Private Equity"",""url"":""https://www.lightrock.com/about/private-equity/""},{""kind"":""official_activity"",""title"":""State of São Paulo's development agency commits R$ 50 million to Lightrock"",""url"":""https://www.lightrock.com/news/state-of-sao-paulo-s-development-agency-commits-r-50-million-to-lightrock/""}]",2026-07-30,funds/multi-country/lightrock.md,2026-07-27,2026-07-27,CC0-1.0
fund:lotux,Lotux,fund,"Lotux is an investment organization focused on Fintech, insurtech, logistics, commerce, education, and health in Latin America.",[],,global,GLOBAL,"[""LATAM""]","[""pre_seed""]","[""fintech"",""insurtech"",""logistics"",""commerce"",""education"",""health""]",https://lotux.vc/,,"[{""kind"":""official_website"",""title"":""Fund website"",""url"":""https://lotux.vc/""},{""kind"":""official_website"",""title"":""Fund website"",""url"":""https://lotux.vc/investor-resources/""}]",2026-07-26,funds/multi-country/lotux.md,2026-07-27,2026-07-27,CC0-1.0
fund:magma-partners,Magma Partners,fund,Magma Partners is an investment organization focused on Technology in Latin America.,[],,region,LATAM,"[""LATAM""]","[""pre_seed"",""seed"",""series_a""]","[""technology""]",https://magmapartners.com/,https://magmapartners.com/contact-us,"[{""kind"":""official_portfolio"",""title"":""Portfolio"",""url"":""https://magmapartners.com/companies""},{""kind"":""official_application"",""title"":""Contact or application page"",""url"":""https://magmapartners.com/contact-us""},{""kind"":""official_portfolio"",""title"":""Portfolio"",""url"":""https://magmapartners.com/es/companies""},{""kind"":""official_website"",""title"":""Fund website"",""url"":""https://magmapartners.com/company/fluap""}]",2026-07-26,funds/regional/magma-partners.md,2026-07-27,2026-07-27,CC0-1.0
fund:manutara-ventures,Manutara Ventures,fund,Manutara Ventures is an investment organization focused on Technology in Chile and Latin America.,[],,region,LATAM,"[""CL"",""LATAM""]","[""seed"",""series_a""]","[""technology""]",https://manutaraventures.com/,,"[{""kind"":""official_portfolio"",""title"":""Portfolio"",""url"":""https://manutaraventures.com/companies""},{""kind"":""official_portfolio"",""title"":""Portfolio"",""url"":""https://manutaraventures.com/companies/""},{""kind"":""official_thesis"",""title"":""About or investment thesis"",""url"":""https://manutaraventures.com/about/""},{""kind"":""official_portfolio"",""title"":""Portfolio"",""url"":""https://manutaraventures.com/portfolio-item/sabe/""}]",2026-07-26,funds/regional/manutara-ventures.md,2026-07-27,2026-07-27,CC0-1.0
fund:marathon-ventures,Marathon Ventures,fund,Marathon Ventures backs early-stage founders building B2B technology companies in Latin America.,[],,country,CO,"[""LATAM""]","[""pre_seed"",""seed""]","[""b2b"",""scalable_technology""]",https://www.marathonvc.com/,https://www.marathonvc.com/,"[{""kind"":""official_application"",""title"":""Marathon Ventures thesis, team, portfolio and founder route"",""url"":""https://www.marathonvc.com/""},{""kind"":""secondary"",""title"":""Colombia-origin venture capital investor map"",""url"":""https://www.startuplinks.world/reportes/inversionistas-de-venture-capital-originarios-de-colombia""}]",2026-07-30,funds/colombia/marathon-ventures.md,2026-07-27,2026-07-27,CC0-1.0
fund:marcha,Marcha,fund,Marcha is a Brazilian university venture capital organization that invests directly in startups connected to Tecnopuc.,[],,country,BR,"[""BR""]","[""not_disclosed""]","[""not_disclosed""]",https://www.linkedin.com/company/marcha-s-a,,"[{""kind"":""official_program"",""title"":""Meet Marcha, Brazil's first University Venture Capital"",""url"":""https://tecnopuc.pucrs.br/conheca-a-marcha-a-primeira-university-venture-capital-do-brasil-que-impulsiona-startups-no-tecnopuc/""},{""kind"":""official_program"",""title"":""PureAI opens an investment round to expand AI infrastructure"",""url"":""https://tecnopuc.pucrs.br/pureai-abre-rodada-de-captacao-de-investimento-para-impulsionar-infraestrutura-de-ia/""}]",2026-07-30,funds/brazil/marcha.md,2026-07-27,2026-07-27,CC0-1.0
fund:matterscale-ventures,MatterScale Ventures,fund,MatterScale Ventures invests in Latin founders across the Americas.,[],,global,GLOBAL,"[""LATAM""]","[""pre_seed"",""seed"",""series_a""]","[""affordable"",""accessible_technology_enabled_services""]",https://matterscale.com/,https://matterscale.com/,"[{""kind"":""official_application"",""title"":""MatterScale thesis, team, and portfolio"",""url"":""https://matterscale.com/""}]",2026-07-27,funds/multi-country/matterscale-ventures.md,2026-07-27,2026-07-27,CC0-1.0
fund:maya-capital,MAYA Capital,fund,MAYA Capital is an investment organization focused on Technology in Latin America.,[],,region,LATAM,"[""LATAM""]","[""pre_seed"",""seed""]","[""technology""]",https://www.maya.capital/,,"[{""kind"":""official_portfolio"",""title"":""Portfolio"",""url"":""https://www.maya.capital/portfolio""},{""kind"":""official_thesis"",""title"":""About or investment thesis"",""url"":""https://www.maya.capital/about-us""}]",2026-07-26,funds/regional/maya-capital.md,2026-07-27,2026-07-27,CC0-1.0
fund:mindset-ventures,Mindset Ventures,fund,Mindset Ventures is an investment organization focused on B2B technology in Latin America and the United States.,[],,global,GLOBAL,"[""LATAM"",""US""]","[""seed"",""series_a""]","[""b2b_technology""]",https://mindset.ventures/,,"[{""kind"":""official_portfolio"",""title"":""Portfolio"",""url"":""https://mindset.ventures/our-companies/""},{""kind"":""official_portfolio"",""title"":""Portfolio"",""url"":""https://mindset.ventures/portfolio/alta/""},{""kind"":""official_portfolio"",""title"":""Portfolio"",""url"":""https://mindset.ventures/portfolio/lasso-security/""},{""kind"":""official_portfolio"",""title"":""Portfolio"",""url"":""https://mindset.ventures/portfolio/zenyard/""}]",2026-07-26,funds/multi-country/mindset-ventures.md,2026-07-27,2026-07-27,CC0-1.0
fund:monashees,Monashees,fund,Monashees is a Brazilian venture capital firm backing technology-driven Latin American founders building companies for regional and global markets.,[],,region,LATAM,"[""GLOBAL"",""LATAM""]","[""not_disclosed""]","[""technology""]",https://www.monashees.com/,https://www.monashees.com/contact,"[{""kind"":""official_website"",""title"":""Monashees website and firm description"",""url"":""https://www.monashees.com/""},{""kind"":""official_portfolio"",""title"":""Official portfolio"",""url"":""https://www.monashees.com/portfolio""},{""kind"":""official_application"",""title"":""Contact page"",""url"":""https://www.monashees.com/contact""}]",2026-07-25,funds/regional/monashees.md,2026-07-27,2026-07-27,CC0-1.0
fund:morro-ventures,Morro Ventures,fund,Morro Ventures is a Puerto Rico-based early-stage investor serving the Caribbean and Latin America.,[],,region,LATAM,"[""CARIBBEAN"",""LATAM"",""PR""]","[""not_disclosed""]","[""technology_companies_serving_caribbean_markets""]",https://morroventures.com/,,"[{""kind"":""official_website"",""title"":""Morro Ventures"",""url"":""https://morroventures.com/""},{""kind"":""official_website"",""title"":""Morro Ventures Caribbean Fund"",""url"":""https://morroventures.com/morro-fund-ii/""}]",2026-07-27,funds/regional/morro-ventures.md,2026-07-27,2026-07-27,CC0-1.0
fund:msw-capital,MSW Capital,fund,MSW Capital is a Brazilian venture capital manager connecting technology startups with corporate investors through corporate venture capital funds.,[],,country,BR,"[""BR""]","[""seed""]","[""technology_startups_aligned_with_corporate_innovation_theses""]",https://www.mswcapital.com.br/,,"[{""kind"":""official_website"",""title"":""MSW Capital website"",""url"":""https://www.mswcapital.com.br/""},{""kind"":""official_application"",""title"":""MSW Multicorp II thesis and application channel"",""url"":""https://www.mswcapital.com.br/fundos/multicorp-2""}]",2026-07-27,funds/brazil/msw-capital.md,2026-07-27,2026-07-27,CC0-1.0
fund:mundi-ventures,Mundi Ventures,fund,"Mundi Ventures is a Spain-based venture capital firm whose LatAm Fund I invests in early-growth companies across Latin America and the Caribbean, including Brazil.",[],,country,ES,"[""BR"",""LATAM"",""CARIBBEAN"",""NOT_DISCLOSED""]","[""growth""]","[""not_disclosed""]",https://www.mundiventures.com/,,"[{""kind"":""official_activity"",""title"":""Mundi Ventures LatAm Fund I first closing"",""url"":""https://www.mundiventures.com/post/mundi-ventures-announces-its-latam-fund-i-first-closing""},{""kind"":""official_activity"",""title"":""IDB Invest commitment to Mundi Ventures LatAm Fund I"",""url"":""https://www.mundiventures.com/post/idb-invest-commits-us-5-million-to-mundi-ventures-latam-fund-i""}]",2026-07-30,funds/multi-country/mundi-ventures.md,2026-07-27,2026-07-27,CC0-1.0
fund:nazca,Nazca,fund,Nazca is an investment organization focused on Technology in Latin America.,[],,region,LATAM,"[""LATAM""]","[""multi_stage""]","[""technology""]",https://nazca.vc/,,"[{""kind"":""official_website"",""title"":""Fund website"",""url"":""https://nazca.vc/""},{""kind"":""official_thesis"",""title"":""About or investment thesis"",""url"":""https://nazca.vc/about""},{""kind"":""official_portfolio"",""title"":""Portfolio"",""url"":""https://nazca.vc/portfolio""},{""kind"":""official_portfolio"",""title"":""Portfolio"",""url"":""https://nazca.vc/portfolio/kavak""}]",2026-07-26,funds/regional/nazca.md,2026-07-27,2026-07-27,CC0-1.0
fund:new-ventures-capital,New Ventures Capital,fund,New Ventures Capital is an investment organization focused on Impact entrepreneurship in Latin America.,[],,region,LATAM,"[""LATAM""]","[""seed"",""series_a""]","[""impact_entrepreneurship""]",https://nvcapital.vc/,https://nvcapital.vc/contact-us/,"[{""kind"":""official_portfolio"",""title"":""Portfolio"",""url"":""https://nvcapital.vc/portfolio/""},{""kind"":""official_thesis"",""title"":""About or investment thesis"",""url"":""https://nvcapital.vc/about/""},{""kind"":""official_application"",""title"":""Contact or application page"",""url"":""https://nvcapital.vc/contact-us/""},{""kind"":""official_website"",""title"":""Fund website"",""url"":""https://nvcapital.vc/investors/""}]",2026-07-26,funds/regional/new-ventures-capital.md,2026-07-27,2026-07-27,CC0-1.0
fund:newtopia-vc,Newtopia VC,fund,"Newtopia VC is an investment organization focused on Technology, sector agnostic in Latin America.",[],,region,LATAM,"[""LATAM""]","[""not_disclosed""]","[""technology"",""sector_agnostic""]",https://newtopia.vc/,,"[{""kind"":""official_portfolio"",""title"":""Portfolio"",""url"":""https://newtopia.vc/portfolio""},{""kind"":""official_portfolio"",""title"":""Portfolio"",""url"":""https://newtopia.vc/portfolio/""},{""kind"":""secondary"",""title"":""Fund website"",""url"":""https://app.pipefy.com/public/form/mmuPVAvh""},{""kind"":""official_portfolio"",""title"":""Portfolio"",""url"":""https://newtopia.vc/portfolio/aviva/""}]",2026-07-26,funds/regional/newtopia-vc.md,2026-07-27,2026-07-27,CC0-1.0
fund:norte-ventures,Norte Ventures,fund,"Norte Ventures is an investment organization focused on Technology, sector agnostic in Latin America.",[],,global,GLOBAL,"[""LATAM""]","[""not_disclosed""]","[""technology"",""sector_agnostic""]",https://www.norte.ventures/,,"[{""kind"":""official_portfolio"",""title"":""Portfolio"",""url"":""https://www.norte.ventures/portfolio""}]",2026-07-26,funds/multi-country/norte-ventures.md,2026-07-27,2026-07-27,CC0-1.0
fund:nxtp-ventures,NXTP Ventures,fund,NXTP Ventures is an investment organization focused on B2B technology in Latin America.,[],,region,LATAM,"[""LATAM""]","[""seed"",""series_a""]","[""b2b_technology""]",https://www.nxtp.vc/,https://www.nxtp.vc/contact,"[{""kind"":""official_portfolio"",""title"":""Portfolio"",""url"":""https://www.nxtp.vc/portfolio""},{""kind"":""official_application"",""title"":""Contact or application page"",""url"":""https://www.nxtp.vc/contact""}]",2026-07-26,funds/regional/nxtp-ventures.md,2026-07-27,2026-07-27,CC0-1.0
fund:onevc,ONEVC,fund,ONEVC is an investment organization focused on Technology in Latin America.,[],,global,GLOBAL,"[""LATAM""]","[""seed""]","[""technology""]",https://www.onevc.vc/,,"[{""kind"":""secondary"",""title"":""Previously listed source; unavailable during verification"",""url"":""https://www.onevc.vc/""}]",2026-07-26,funds/multi-country/onevc.md,2026-07-27,2026-07-27,CC0-1.0
fund:oria-capital,Oria Capital,fund,Oria Capital is an investment organization focused on B2B software in Brazil.,[],,country,BR,"[""BR""]","[""not_disclosed""]","[""b2b_software""]",https://www.oriacapital.com.br/,,"[{""kind"":""official_website"",""title"":""Fund website"",""url"":""https://www.oriacapital.com.br/""},{""kind"":""official_website"",""title"":""Fund website"",""url"":""https://www.oriacapital.com.br/c%C3%B3pia-compliance-3""}]",2026-07-26,funds/brazil/oria-capital.md,2026-07-27,2026-07-27,CC0-1.0
fund:pant3ra-venture-fund,Pant3ra Venture Fund,fund,"Pant3ra Venture Fund is an investment organization focused on Mobility, logistics, e-commerce, and fintech in Mexico, the United States, and Latin America.",[],,global,GLOBAL,"[""LATAM"",""MX"",""US""]","[""pre_seed"",""seed""]","[""mobility"",""logistics"",""e_commerce"",""fintech""]",https://www.linkedin.com/company/pant3ra/,,"[{""kind"":""official_website"",""title"":""Secondary profile"",""url"":""https://www.linkedin.com/company/pant3ra/""}]",2026-07-26,funds/multi-country/pant3ra-venture-fund.md,2026-07-27,2026-07-27,CC0-1.0
fund:panvel-ventures,Panvel Ventures,fund,Panvel Ventures is Grupo Panvel's corporate venture capital program for startups strategically connected to its health and retail businesses.,[],,country,BR,"[""NOT_DISCLOSED""]","[""not_disclosed""]","[""health"",""wellbeing"",""customer_experience"",""operational_intelligence""]",https://www.grupopanvel.com.br/pt/innovation,,"[{""kind"":""official_website"",""title"":""Grupo Panvel innovation and CVC programs"",""url"":""https://www.grupopanvel.com.br/pt/innovation""}]",2026-07-27,funds/brazil/panvel-ventures.md,2026-07-27,2026-07-27,CC0-1.0
fund:parallax-ventures,Parallax Ventures,fund,"Parallax Ventures is a São Paulo-based, fintech-first venture capital firm making recurring direct startup investments.","[""Parallax""]",,country,BR,"[""BR""]","[""not_disclosed""]","[""fintech""]",https://parallax.vc/,,"[{""kind"":""official_portfolio"",""title"":""Parallax Ventures"",""url"":""https://parallax.vc/""},{""kind"":""official_portfolio"",""title"":""Portfolio — Parallax Ventures"",""url"":""https://parallax.vc/portfolio/""},{""kind"":""official_activity"",""title"":""Parallax Ventures FIP: fato relevante"",""url"":""https://parallax.vc/wp-content/uploads/2025/08/20250801_Parallax-I-Ventures_Fato-Relevante.pdf""}]",2026-07-30,funds/brazil/parallax-ventures.md,2026-07-27,2026-07-27,CC0-1.0
fund:parallel18-ventures,Parallel18 Ventures,fund,Parallel18 Ventures is the investment platform within Parallel18 for startups scaling through Puerto Rico.,[],,region,LATAM,"[""GLOBAL"",""PR""]","[""not_disclosed""]","[""technology_driven_startups_with_global_scaling_potential""]",https://parallel18.com/ventures/,https://parallel18.com/ventures/,"[{""kind"":""official_application"",""title"":""Parallel18 Ventures"",""url"":""https://parallel18.com/ventures/""}]",2026-07-27,funds/regional/parallel18-ventures.md,2026-07-27,2026-07-27,CC0-1.0
fund:parceiro-ventures,Parceiro Ventures,fund,"Parceiro Ventures is a United States-based venture capital firm investing across Latin America, with verified portfolio activity in Brazil.",[],,country,US,"[""BR"",""LATAM"",""NOT_DISCLOSED""]","[""not_disclosed""]","[""not_disclosed""]",https://parceiroventures.com/,,"[{""kind"":""official_portfolio"",""title"":""Parceiro Ventures thesis, portfolio, and activity"",""url"":""https://parceiroventures.com/""}]",2026-07-30,funds/multi-country/parceiro-ventures.md,2026-07-27,2026-07-27,CC0-1.0
fund:picus-capital,Picus Capital,fund,"Picus Capital is an investment organization focused on Technology, sector agnostic in Global, including Latin America.",[],,region,LATAM,"[""GLOBAL"",""LATAM""]","[""pre_seed"",""seed"",""series_a""]","[""technology"",""sector_agnostic""]",https://www.picuscap.com/,,"[{""kind"":""official_portfolio"",""title"":""Portfolio"",""url"":""https://www.picuscap.com/portfolio/?_countries=latin-america""},{""kind"":""official_website"",""title"":""Fund website"",""url"":""https://www.picuscap.com/pre-seed-investing/""},{""kind"":""official_website"",""title"":""Fund website"",""url"":""https://www.picuscap.com/seed-series-a-investing/""},{""kind"":""official_portfolio"",""title"":""Portfolio"",""url"":""https://www.picuscap.com/news_category/portfolio-news/""}]",2026-07-26,funds/regional/picus-capital.md,2026-07-27,2026-07-27,CC0-1.0
fund:platanus-ventures,Platanus Ventures,fund,Platanus Ventures is a Chile-based accelerator and venture capital investor backing Latin American technology startups.,"[""Platanus""]",,country,CL,"[""LATAM""]","[""pre_seed""]","[""technology"",""sector_agnostic""]",https://platan.us/,https://platan.us/programa,"[{""kind"":""official_portfolio"",""title"":""Platanus investment program and portfolio"",""url"":""https://platan.us/""},{""kind"":""official_application"",""title"":""Platanus 2026 founder application"",""url"":""https://platan.us/programa""},{""kind"":""official_activity"",""title"":""Platanus 2026 Demo Day"",""url"":""https://platan.us/demo_day""}]",2026-07-30,funds/chile/platanus-ventures.md,2026-07-27,2026-07-27,CC0-1.0
fund:polymath-ventures,Polymath Ventures,fund,"Polymath Ventures combines a venture studio, a venture capital fund, and private credit for companies serving Latin America's emerging middle class.",[],,region,LATAM,"[""LATAM""]","[""pre_seed"",""seed""]","[""human_centered_businesses""]",https://www.polymathv.com/,https://www.polymathv.com/contact-us,"[{""kind"":""official_website"",""title"":""Current venture studio and VC model"",""url"":""https://www.polymathv.com/""},{""kind"":""secondary"",""title"":""External Seed fund and direct-investment history"",""url"":""https://next.polymathv.com/about-us""},{""kind"":""official_portfolio"",""title"":""Portfolio"",""url"":""https://www.polymathv.com/portfolio""},{""kind"":""official_application"",""title"":""Contact page"",""url"":""https://www.polymathv.com/contact-us""}]",2026-07-26,funds/regional/polymath-ventures.md,2026-07-27,2026-07-27,CC0-1.0
fund:positive-ventures,Positive Ventures,fund,Positive Ventures is a São Paulo-based impact venture capital firm that makes direct and recurring startup investments.,[],,country,BR,"[""BR""]","[""not_disclosed""]","[""impact_investing""]",https://positive.ventures/,,"[{""kind"":""official_activity"",""title"":""Positive Impact Report 2025"",""url"":""https://www.positiveimpactreport25.com/""}]",2026-07-30,funds/brazil/positive-ventures.md,2026-07-27,2026-07-27,CC0-1.0
fund:primus-ventures,Primus Ventures,fund,Primus Ventures is an investment organization focused on B2B technology in Southern Brazil.,[],,country,BR,"[""BR""]","[""pre_seed"",""seed""]","[""b2b_technology""]",https://www.primusvc.com.br/,,"[{""kind"":""official_portfolio"",""title"":""Primus and Sul Ventures portfolio and thesis"",""url"":""https://www.primusvc.com.br/portf%C3%B3lio""},{""kind"":""official_website"",""title"":""Primus Ventures official website"",""url"":""https://www.primusvc.com.br/""}]",2026-07-26,funds/brazil/primus-ventures.md,2026-07-27,2026-07-27,CC0-1.0
fund:prosus-ventures,Prosus Ventures,fund,"Prosus Ventures is Prosus's Netherlands-based investment arm, with a recurring Latin America strategy and multiple portfolio companies in Brazil.","[""Naspers Ventures""]",Prosus N.V.,country,NL,"[""BR"",""LATAM"",""NOT_DISCLOSED""]","[""not_disclosed""]","[""not_disclosed""]",https://www.prosus.com/prosus-ventures,,"[{""kind"":""official_portfolio"",""title"":""Prosus Ventures strategy and portfolio"",""url"":""https://www.prosus.com/prosus-ventures""},{""kind"":""official_activity"",""title"":""Prosus Ventures investment in VOA Health"",""url"":""https://www.prosus.com/news-insights/2025/prosus-ventures-invests-in-voa-health-seed-round-to-advance-its-ai-powered-assistant""},{""kind"":""official_website"",""title"":""Prosus Annual Report 2025"",""url"":""https://www.prosus.com/~/media/Files/P/prosus-corp-v2/results-reports-and-events-archive/annual-report/2025/fy2025-annual-report.pdf""}]",2026-07-30,funds/multi-country/prosus-ventures.md,2026-07-27,2026-07-27,CC0-1.0
fund:qapu-ventures,QAPU Ventures,fund,QAPU Ventures is an investment organization listed in this directory; its current investment mandate could not be verified.,[],,country,CO,"[""NOT_DISCLOSED""]","[""not_disclosed""]","[""not_disclosed""]",https://www.linkedin.com/company/qapu/,,"[{""kind"":""secondary"",""title"":""QAPU Ventures — LinkedIn"",""url"":""https://www.linkedin.com/company/qapu/""}]",2026-07-26,funds/colombia/qapu-ventures.md,2026-07-27,2026-07-27,CC0-1.0
fund:qed-investors,QED Investors,fund,QED Investors is a global venture capital firm dedicated exclusively to fintech and financial-services innovation.,[],,region,LATAM,"[""GLOBAL"",""LATAM""]","[""multi_stage""]","[""fintech""]",https://www.qedinvestors.com/,https://www.qedinvestors.com/,"[{""kind"":""official_application"",""title"":""QED overview, FAQ, and pitch form"",""url"":""https://www.qedinvestors.com/""},{""kind"":""official_portfolio"",""title"":""Official portfolio"",""url"":""https://www.qedinvestors.com/companies""},{""kind"":""official_website"",""title"":""Fontes by QED"",""url"":""https://www.qedinvestors.com/blog/learn-more-about-fontes""}]",2026-07-25,funds/regional/qed-investors.md,2026-07-27,2026-07-27,CC0-1.0
fund:qualcomm-ventures,Qualcomm Ventures,fund,"Qualcomm Ventures is the corporate venture capital arm of Qualcomm, with an active investment mandate and portfolio in Latin America.",[],,global,GLOBAL,"[""GLOBAL"",""LATAM""]","[""multi_stage""]","[""ai"",""automotive"",""mobile"",""enterprise"",""data_center"",""smart_systems""]",https://www.qualcommventures.com/,,"[{""kind"":""official_portfolio"",""title"":""Qualcomm Ventures investment areas and global portfolio metrics"",""url"":""https://www.qualcommventures.com/""},{""kind"":""official_portfolio"",""title"":""Qualcomm Ventures Latin America investment team and portfolio"",""url"":""https://www.qualcommventures.com/insights/blog/meet-the-team-5-questions-with-stephanie-shao-ni-ng-director-at-qualcomm-ventures/""}]",2026-07-27,funds/multi-country/qualcomm-ventures.md,2026-07-27,2026-07-27,CC0-1.0
fund:quartzo-capital,Quartzo Capital,fund,Quartzo Capital is a Brazilian venture capital organization with a recurring portfolio managed through multiple investment vehicles.,"[""Quartzo Invest"",""Quartzo Invest Ltda.""]",Quartzo Invest Ltda.,country,BR,"[""BR""]","[""not_disclosed""]","[""not_disclosed""]",https://www.quartzocapital.com.br/,,"[{""kind"":""official_portfolio"",""title"":""Portfólio e Cases: Venture Capital"",""url"":""https://quartzocapital.com.br/venture-capital/portfolio""},{""kind"":""official_activity"",""title"":""Investimento do FUNSES1 na Loopia"",""url"":""https://pt.linkedin.com/posts/quartzocapital_a-quartzo-capital-tem-o-prazer-de-divulgar-activity-7303744796290871298-4gna""}]",2026-07-30,funds/brazil/quartzo-capital.md,2026-07-27,2026-07-27,CC0-1.0
fund:quona-capital,Quona Capital,fund,"Quona Capital is an investment organization focused on Fintech and financial inclusion in Emerging markets, including Latin America.",[],,global,GLOBAL,"[""LATAM""]","[""seed"",""series_a"",""series_b""]","[""fintech"",""financial_inclusion""]",https://quona.com/,https://quona.com/contact/,"[{""kind"":""official_portfolio"",""title"":""Portfolio"",""url"":""https://quona.com/portfolio""},{""kind"":""official_portfolio"",""title"":""Portfolio"",""url"":""https://quona.com/portfolio/""},{""kind"":""official_application"",""title"":""Contact or application page"",""url"":""https://quona.com/contact/""}]",2026-07-26,funds/multi-country/quona-capital.md,2026-07-27,2026-07-27,CC0-1.0
fund:raio-capital,Raio Capital,fund,Raio Capital is a Brazilian venture capital firm investing in early-stage technology companies that improve fundamental value chains.,[],,country,BR,"[""BR""]","[""not_disclosed""]","[""technology_enabled_efficiency_in_fundamental_value_chains""]",https://raio.vc/,,"[{""kind"":""official_application"",""title"":""Raio Capital website, track record, and contact"",""url"":""https://raio.vc/""}]",2026-07-27,funds/brazil/raio-capital.md,2026-07-27,2026-07-27,CC0-1.0
fund:randon-ventures-rv,Randon Ventures (RV),fund,"Randon Ventures, now branded RV, is Randoncorp's startup investment and acceleration company.","[""RV""]",,country,BR,"[""BR""]","[""growth""]","[""financial_solutions_aligned_with_randoncorp_s_strategic_businesses""]",https://www.randoncorp.com/pt/blog/rv-amplia-portfolio-com-dois-novos-investimentos-em-solucoes-financeiras/,,"[{""kind"":""official_portfolio"",""title"":""RV investments in Guarda and Sinky"",""url"":""https://www.randoncorp.com/pt/blog/rv-amplia-portfolio-com-dois-novos-investimentos-em-solucoes-financeiras/""}]",2026-07-27,funds/brazil/randon-ventures-rv.md,2026-07-27,2026-07-27,CC0-1.0
fund:rd-saude-ventures,RD Saúde Ventures,fund,"RD Saúde Ventures is RD Saúde's corporate innovation and venture investment program for healthcare, wellbeing, and pharmacy retail.",[],,country,BR,"[""BR""]","[""not_disclosed""]","[""health"",""wellbeing"",""pharmacy_retail"",""customer_experience""]",https://rdsaude.com.br/rdsaudeventures/,https://rdsaude.com.br/rdsaudeventures/,"[{""kind"":""official_application"",""title"":""RD Saúde Ventures"",""url"":""https://rdsaude.com.br/rdsaudeventures/""}]",2026-07-27,funds/brazil/rd-saude-ventures.md,2026-07-27,2026-07-27,CC0-1.0
fund:redpoint-eventures,Redpoint eventures,fund,Redpoint eventures is an investment organization focused on Technology in Brazil.,[],,country,BR,"[""BR""]","[""multi_stage""]","[""technology""]",https://rpev.com.br/,https://rpev.com.br/contact/,"[{""kind"":""official_portfolio"",""title"":""Portfolio"",""url"":""https://rpev.com.br/portfolio""},{""kind"":""official_portfolio"",""title"":""Portfolio"",""url"":""https://rpev.com.br/portfolio/""},{""kind"":""official_application"",""title"":""Contact or application page"",""url"":""https://rpev.com.br/contact/""},{""kind"":""official_portfolio"",""title"":""Portfolio"",""url"":""https://rpev.com.br/portfolio/?lang=pt-br""}]",2026-07-26,funds/brazil/redpoint-eventures.md,2026-07-27,2026-07-27,CC0-1.0
fund:redwood-ventures,Redwood Ventures,fund,"Redwood Ventures is an investment organization focused on Technology, sector agnostic in Latin America.",[],,global,GLOBAL,"[""LATAM""]","[""seed"",""series_a""]","[""technology"",""sector_agnostic""]",https://www.redwoodcapital.partners/,,"[{""kind"":""official_website"",""title"":""Fund website"",""url"":""https://www.redwoodcapital.partners/technology""},{""kind"":""official_website"",""title"":""Fund website"",""url"":""https://www.redwoodcapital.partners/investmentbanking""}]",2026-07-26,funds/multi-country/redwood-ventures.md,2026-07-27,2026-07-27,CC0-1.0
fund:rpp-ventures,GRPP Ventures,fund,GRPP Ventures is Grupo RPP's corporate venture capital arm.,[],,country,PE,"[""PE""]","[""not_disclosed""]","[""scalable_technology""]",https://grppventures.pe/,https://forms.gle/WUpqnhXSrQ6kaLLe9,"[{""kind"":""official_application"",""title"":""Investment model, criteria, portfolio, and application route"",""url"":""https://grppventures.pe/""},{""kind"":""secondary"",""title"":""Grupo RPP report on a direct startup investment"",""url"":""https://rpp.pe/economia/economia/rpp-ventures-invertira-en-megabite-la-primera-cadena-de-restaurantes-digital-de-latinoamerica-noticia-1501618""}]",2026-07-26,funds/peru/rpp-ventures.md,2026-07-27,2026-07-27,CC0-1.0
fund:rx-ventures,RX Ventures,fund,"RX Ventures is Lojas Renner S.A.'s corporate venture capital vehicle for startups shaping the future of fashion, retail, and lifestyle.",[],,country,BR,"[""GLOBAL""]","[""seed"",""series_a""]","[""fashion"",""retail"",""lifestyle"",""customer_experience"",""responsible_brands""]",https://www.lojasrennersa.com.br/rx-ventures/,https://airtable.com/app4qXQkm1B3hEZrh/pagujtJRtVULaeKoN/form,"[{""kind"":""official_application"",""title"":""RX Ventures thesis, portfolio, team, and founder contact"",""url"":""https://www.lojasrennersa.com.br/rx-ventures/""},{""kind"":""official_website"",""title"":""Lojas Renner sustainability and climate disclosure"",""url"":""https://www.lojasrennersa.com.br/wp-content/uploads/2025/07/Informacoes-financeiras-relacionadas-a-sustentabilidade-clima-IFRS-S1-e-S2-_-CBPS-1-e-2.pdf""}]",2026-07-27,funds/brazil/rx-ventures.md,2026-07-27,2026-07-27,CC0-1.0
fund:salkantay-ventures,Salkantay Ventures,fund,"Salkantay Ventures is an early-stage fund backing technology companies that address social, economic, and environmental challenges in Latin America.",[],,region,LATAM,"[""LATAM""]","[""pre_seed"",""seed"",""series_a""]","[""impact_technology""]",https://www.salkantay.vc/,https://www.salkantay.vc/contact,"[{""kind"":""official_portfolio"",""title"":""Salkantay thesis and portfolio"",""url"":""https://www.salkantay.vc/""},{""kind"":""official_application"",""title"":""Startup submission and contact"",""url"":""https://www.salkantay.vc/contact""}]",2026-07-25,funds/regional/salkantay-ventures.md,2026-07-27,2026-07-27,CC0-1.0
fund:sancor-seguros-ventures,Sancor Seguros Ventures,fund,Sancor Seguros Ventures is Sancor Seguros Group's Argentine corporate venture capital fund for scalable technology startups.,[],,country,AR,"[""AR"",""LATAM""]","[""not_disclosed""]","[""insurtech"",""technology""]",https://sancorsegurosventures.com/en/,https://sancorsegurosventures.com/en/,"[{""kind"":""official_portfolio"",""title"":""Sancor Seguros Ventures"",""url"":""https://sancorsegurosventures.com/en/""}]",2026-07-30,funds/argentina/sancor-seguros-ventures.md,2026-07-27,2026-07-27,CC0-1.0
fund:scale-up-ventures,Scale-Up Ventures,fund,Scale-Up Ventures is an investment organization focused on Endeavor network companies in Brazil.,[],,country,BR,"[""BR""]","[""seed"",""series_a""]","[""endeavor_network_companies""]",https://endeavor.org.br/scale-up-ventures,,"[{""kind"":""official_website"",""title"":""Fund website"",""url"":""https://endeavor.org.br/scale-up-ventures""}]",2026-07-26,funds/brazil/scale-up-ventures.md,2026-07-27,2026-07-27,CC0-1.0
fund:screen-capital,Screen Capital,fund,"Screen Capital is a Chile-based venture manager investing in audiovisual, entertainment, and media-technology businesses.",[],,country,CL,"[""LATAM""]","[""not_disclosed""]","[""entertainment"",""media"",""creative_technology""]",https://www.screencapital.com/,,"[{""kind"":""official_website"",""title"":""Screen Capital current company profile"",""url"":""https://cl.linkedin.com/company/screen-capital-s-a""},{""kind"":""secondary"",""title"":""Screen Capital funds directory"",""url"":""https://acvc.cl/miembros/screen/""},{""kind"":""secondary"",""title"":""Screen II investment in Umbra"",""url"":""https://www.df.cl/mexicana-morbido-tv-alista-primera-multiplataforma-de-terror-y-fantasia""}]",2026-07-30,funds/chile/screen-capital.md,2026-07-27,2026-07-27,CC0-1.0
fund:sf500,SF500,fund,SF500 is an Argentina-based life sciences fund and company-building program that turns scientific projects into globally scalable startups.,[],,region,LATAM,"[""AR"",""LATAM""]","[""not_disclosed""]","[""science_based_startups"",""biotechnology""]",https://sf500.vc/,https://sf500.vc/,"[{""kind"":""official_application"",""title"":""SF500 investment model, portfolio, and application"",""url"":""https://sf500.vc/""}]",2026-07-27,funds/regional/sf500.md,2026-07-27,2026-07-27,CC0-1.0
fund:shefa-holding,SHEFA Holding,fund,SHEFA Holding is an Argentine investment holding with a recurring direct venture portfolio; it is listed as an equivalent vehicle rather than a traditional fund.,"[""Shefa Ventures""]",,country,AR,"[""AR"",""LATAM""]","[""not_disclosed""]","[""real_estate_technology"",""agtech""]",https://shefa.vc/,https://shefa.vc/,"[{""kind"":""official_portfolio"",""title"":""SHEFA Holding portfolio"",""url"":""https://shefa.vc/""},{""kind"":""official_activity"",""title"":""IRSA annual report"",""url"":""https://www.irsa.com.ar/wp-content/uploads/2024/08/MemoriaIRSAFY23.pdf""}]",2026-07-30,funds/argentina/shefa-holding.md,2026-07-27,2026-07-27,CC0-1.0
fund:shima-capital,Shima Capital,fund,Shima Capital is an investment organization focused on Web3 and blockchain in Global.,[],,global,GLOBAL,"[""GLOBAL""]","[""pre_seed"",""seed""]","[""web3"",""blockchain""]",https://shima.capital/,https://chainbroker.io/contacts/,"[{""kind"":""secondary"",""title"":""Secondary profile"",""url"":""https://chainbroker.io/funds/shima-capital/""},{""kind"":""official_thesis"",""title"":""About or investment thesis"",""url"":""https://chainbroker.io/about-us/""},{""kind"":""official_application"",""title"":""Contact or application page"",""url"":""https://chainbroker.io/contacts/""},{""kind"":""secondary"",""title"":""Secondary profile"",""url"":""https://chainbroker.io/funds/shima-capital/recent/""}]",2026-07-26,funds/multi-country/shima-capital.md,2026-07-27,2026-07-27,CC0-1.0
fund:simma-capital,Simma Capital,fund,Simma Capital invests in early-stage technology startups connected to Latin America.,[],,country,CO,"[""CO"",""LATAM""]","[""pre_seed"",""seed""]","[""scalable_technology"",""fintech""]",https://www.simmacapital.com/,https://www.simmacapital.com/,"[{""kind"":""official_application"",""title"":""Simma Capital investment strategies and portfolio"",""url"":""https://www.simmacapital.com/""},{""kind"":""official_activity"",""title"":""Bancóldex and Ruta N invest in Simma Fintech +"",""url"":""https://www.bancoldex.com/es/noticias/bancoldex-y-ruta-n-invierten-en-simma-fintech""}]",2026-07-30,funds/colombia/simma-capital.md,2026-07-27,2026-07-27,CC0-1.0
fund:sinergia-investimentos,Sinergia Investimentos,fund,Sinergia Investimentos is a corporate venture capital program using adaptable capital and strategic support for startups in the Amazon bioeconomy.,[],,country,BR,"[""NOT_DISCLOSED""]","[""pre_seed"",""seed""]","[""amazon_bioeconomy"",""regenerative_businesses""]",https://sinergiainvestimentos.jornadaamazonia.org.br/,,"[{""kind"":""official_website"",""title"":""Sinergia Investimentos"",""url"":""https://sinergiainvestimentos.jornadaamazonia.org.br/""},{""kind"":""official_portfolio"",""title"":""Official portfolio"",""url"":""https://sinergiainvestimentos.jornadaamazonia.org.br/portfolio/""},{""kind"":""official_regulator"",""title"":""Batch 3 regulation"",""url"":""https://sinergiainvestimentos.jornadaamazonia.org.br/wp-content/uploads/2025/02/Regulamento-Batch-3-Sinergia-Investimentos.pdf""},{""kind"":""secondary"",""title"":""Jornada Amazônia on Capital Evolutivo and CVentures"",""url"":""https://jornadaamazonia.org.br/saiba-o-que-e-capital-evolutivo-e-como-podera-multiplicar-impacto-de-startups-na-amazonia/""},{""kind"":""official_regulator"",""title"":""Sinergia 2026 regulation"",""url"":""https://sinergia.jornadaamazonia.org.br/wp-content/uploads/2026/06/Regulamento-do-Programa-Sinergia-2026-1.pdf""}]",2026-07-27,funds/brazil/sinergia-investimentos.md,2026-07-27,2026-07-27,CC0-1.0
fund:slc-ventures,SLC Ventures,fund,"SLC Ventures is SLC Agrícola's startup investment program, combining corporate venture capital and corporate venture building for agribusiness innovation.",[],,country,BR,"[""NOT_DISCLOSED""]","[""not_disclosed""]","[""agribusiness_technology"",""sustainable_agricultural_operations""]",https://www.slcagricola.com.br/inovacao/horizonte-slc,,"[{""kind"":""official_website"",""title"":""Horizonte SLC and SLC Ventures"",""url"":""https://www.slcagricola.com.br/inovacao/horizonte-slc""}]",2026-07-27,funds/brazil/slc-ventures.md,2026-07-27,2026-07-27,CC0-1.0
fund:softbank-latin-america-fund,SoftBank Latin America Fund,fund,SoftBank Latin America Fund is an investment organization focused on Technology in Latin America.,[],,region,LATAM,"[""LATAM""]","[""growth""]","[""technology""]",https://www.latinamericafund.com/,,"[{""kind"":""official_portfolio"",""title"":""Portfolio"",""url"":""https://www.latinamericafund.com/portfolio/""},{""kind"":""official_thesis"",""title"":""About or investment thesis"",""url"":""https://www.latinamericafund.com/about/""},{""kind"":""official_portfolio"",""title"":""Portfolio"",""url"":""https://www.latinamericafund.com/es/portfolio/""},{""kind"":""official_portfolio"",""title"":""Portfolio"",""url"":""https://www.latinamericafund.com/pt/portfolio/""}]",2026-07-26,funds/regional/softbank-latin-america-fund.md,2026-07-27,2026-07-27,CC0-1.0
fund:soma-capital,Soma Capital,fund,"Soma Capital is an investment organization focused on Technology, sector agnostic in Global, including Latin America.",[],,region,LATAM,"[""GLOBAL"",""LATAM""]","[""seed""]","[""technology"",""sector_agnostic""]",https://somacap.com/,,"[{""kind"":""official_portfolio"",""title"":""Portfolio"",""url"":""https://somacap.com/portfolio?tab=all&region=LatAm""},{""kind"":""official_portfolio"",""title"":""Portfolio"",""url"":""https://somacap.com/portfolio""},{""kind"":""official_thesis"",""title"":""About or investment thesis"",""url"":""https://somacap.com/about""}]",2026-07-26,funds/regional/soma-capital.md,2026-07-27,2026-07-27,CC0-1.0
fund:sosv,SOSV,fund,"SOSV is an investment organization focused on Deep tech, climate, and health in Global, including Latin America.",[],,global,GLOBAL,"[""GLOBAL"",""LATAM""]","[""pre_seed"",""seed""]","[""deep_tech"",""climate"",""health""]",https://sosv.com/,,"[{""kind"":""official_portfolio"",""title"":""Portfolio"",""url"":""https://sosv.com/portfolio""},{""kind"":""official_portfolio"",""title"":""Portfolio"",""url"":""https://sosv.com/portfolio/""},{""kind"":""official_thesis"",""title"":""About or investment thesis"",""url"":""https://sosv.com/about/""},{""kind"":""official_website"",""title"":""Fund website"",""url"":""https://sosv.com/invest/""}]",2026-07-26,funds/multi-country/sosv.md,2026-07-27,2026-07-27,CC0-1.0
fund:sp-ventures,SP Ventures,fund,SP Ventures is a Latin American venture capital firm focused on technologies at the intersection of food security and climate resilience.,[],,region,LATAM,"[""LATAM""]","[""not_disclosed""]","[""agfoodtech"",""climatetech""]",https://spventures.com.br/,https://spventures.com.br/contato/,"[{""kind"":""official_thesis"",""title"":""SP Ventures website and thesis"",""url"":""https://spventures.com.br/""},{""kind"":""official_portfolio"",""title"":""Official portfolio"",""url"":""https://spventures.com.br/portfolio/""},{""kind"":""official_application"",""title"":""Pitch submission form"",""url"":""https://spventures.com.br/contato/""}]",2026-07-25,funds/regional/sp-ventures.md,2026-07-27,2026-07-27,CC0-1.0
fund:spectra-investimentos,Spectra Investimentos,fund,"Spectra Investimentos is a Latin American alternative-investment manager that invests through primary fund commitments, co-investments, and secondary transactions.",[],,region,LATAM,"[""BR"",""LATAM""]","[""multi_stage""]","[""alternative_investments"",""venture_capital""]",https://spectrainvest.com/,,"[{""kind"":""official_website"",""title"":""Official investment model and strategies"",""url"":""https://spectrainvest.com/en/home/""},{""kind"":""official_website"",""title"":""Official Portuguese website"",""url"":""https://spectrainvest.com/""}]",2026-07-26,funds/regional/spectra-investimentos.md,2026-07-27,2026-07-27,CC0-1.0
fund:sqm-lithium-ventures,SQM Lithium Ventures,fund,"SQM Lithium Ventures is the corporate venture capital initiative of SQM's lithium business, launched from Chile to invest globally in technologies for lithium and the energy transition.","[""SQMi Lithium Ventures""]",SQM,country,CL,"[""GLOBAL""]","[""not_disclosed""]","[""lithium"",""energy_transition"",""mobility"",""water""]",https://sqm.com/en/noticia/sqm-lanza-primer-programa-de-aceleracion-corporativa-enfocado-en-startups/,,"[{""kind"":""official_thesis"",""title"":""SQM launches its Chile-based corporate acceleration and venture initiative"",""url"":""https://sqm.com/en/noticia/sqm-lanza-primer-programa-de-aceleracion-corporativa-enfocado-en-startups/""},{""kind"":""official_activity"",""title"":""SQMi investment in Kite Magnetics"",""url"":""https://sqm-i.com/news/sustainability/sqmi-invests-to-improve-electrical-vehicle-efficiency/""},{""kind"":""official_activity"",""title"":""SQMi investment in Vok Bikes"",""url"":""https://sqm-i.com/news/sustainability/sqmi-lithium-ventures-invests-in-e-transport/""}]",2026-07-30,funds/chile/sqm-lithium-ventures.md,2026-07-27,2026-07-27,CC0-1.0
fund:sudlich-capital,Südlich Capital,fund,Südlich Capital is a Chile-based alternative asset manager whose Exploradores I venture fund backs science and food technology startups in southern Chile.,[],,country,CL,"[""CL""]","[""not_disclosed""]","[""science"",""food_technology"",""measurable_regional_impact""]",https://sudlich.cl/,https://sudlich.cl/,"[{""kind"":""official_application"",""title"":""Südlich Capital funds, thesis, and contact"",""url"":""https://sudlich.cl/""}]",2026-07-27,funds/chile/sudlich-capital.md,2026-07-27,2026-07-27,CC0-1.0
fund:sunna-ventures,Sunna Ventures,fund,Sunna Ventures is a Chile-based early-stage climate technology venture capital firm connecting Latin America with the global innovation ecosystem.,[],,region,LATAM,"[""LATAM""]","[""pre_seed"",""seed"",""series_a""]","[""climate_technology"",""industrial_decarbonization"",""critical_minerals"",""energy"",""circularity""]",https://sunna.vc/,https://sunna.vc/,"[{""kind"":""official_application"",""title"":""Sunna Ventures overview and founder application"",""url"":""https://sunna.vc/""},{""kind"":""official_website"",""title"":""Sunna Ventures approach"",""url"":""https://sunna.vc/about-us/""},{""kind"":""official_portfolio"",""title"":""Sunna Ventures portfolio"",""url"":""https://sunna.vc/portfolio/""}]",2026-07-27,funds/regional/sunna-ventures.md,2026-07-27,2026-07-27,CC0-1.0
fund:tantauco-ventures,Tantauco Ventures,fund,Tantauco Ventures is a Chile-based early-stage venture capital firm investing across Latin America.,[],,country,CL,"[""LATAM""]","[""not_disclosed""]","[""technology"",""sector_agnostic""]",https://www.tantauco.vc/,https://www.tantauco.vc/,"[{""kind"":""official_application"",""title"":""Tantauco Ventures thesis and founder submission"",""url"":""https://www.tantauco.vc/""},{""kind"":""official_activity"",""title"":""Tantauco Ventures Scout Fund launch"",""url"":""https://es.linkedin.com/posts/tantauco-ventures_en-nuestra-b%C3%BAsqueda-incansable-por-llegar-activity-7457060869605122048-623A""}]",2026-07-30,funds/chile/tantauco-ventures.md,2026-07-27,2026-07-27,CC0-1.0
fund:taram-capital,Taram Capital,fund,Taram Capital is a Chile-based venture capital fund investing in B2B and AI-first SaaS startups across Latin America.,[],,region,LATAM,"[""CL"",""LATAM""]","[""seed"",""series_a""]","[""ai_first_b2b_software"",""infrastructure_for_traditional_industries""]",https://www.taramcapital.com/,https://www.taramcapital.com/,"[{""kind"":""official_application"",""title"":""Taram Capital thesis, portfolio, FAQ, and application"",""url"":""https://www.taramcapital.com/""}]",2026-07-27,funds/regional/taram-capital.md,2026-07-27,2026-07-27,CC0-1.0
fund:the-ark-fund,The Ark Fund,fund,The Ark Fund is an investment organization listed in this directory; its current investment mandate could not be verified.,[],,global,GLOBAL,"[""NOT_DISCLOSED""]","[""not_disclosed""]","[""not_disclosed""]",,,"[{""kind"":""secondary"",""title"":""Arkangeles profile of The Ark Fund founder"",""url"":""https://arkangeles.com/blog/transacciones-igual-a-credibilidad""}]",2026-07-26,funds/multi-country/the-ark-fund.md,2026-07-27,2026-07-27,CC0-1.0
fund:the-ganesha-fund,The Ganesha Fund,fund,The Ganesha Fund is an early-stage biotech fund operated by Chile-based The Ganesha Lab for startups originating in Latin America.,"[""The Ganesha Lab Fund"",""The Ganesha Lab Fund I LP""]",The Ganesha Lab,country,CL,"[""LATAM""]","[""pre_seed"",""seed""]","[""biotech"",""human_health"",""planetary_health"",""agtech"",""foodtech"",""medtech""]",https://theganeshafund.decilehub.com/,https://theganeshafund.decilehub.com/,"[{""kind"":""official_website"",""title"":""The Ganesha Fund official landing"",""url"":""https://theganeshafund.decilehub.com/""},{""kind"":""official_activity"",""title"":""The Ganesha Fund launch and vehicle identity"",""url"":""https://theganeshalab.com/2023-a-year-of-expansion-and-consolidation/""},{""kind"":""official_portfolio"",""title"":""The Ganesha Lab investment in Amplify Dynamics"",""url"":""https://theganeshalab.com/es/the-ganesha-lab-invests-in-amplify-dynamics-to-drive-innovation-in-lipid-nanoparticles-purification-technology/""},{""kind"":""official_activity"",""title"":""Go Europe Connect 2026 investment pipeline"",""url"":""https://theganeshalab.com/es/go-europe-connect-2026/""},{""kind"":""official_program"",""title"":""ANII venture-capital organization registry"",""url"":""https://anii.org.uy/emprendimientos/organizaciones-de-capital-emprendedor/""},{""kind"":""secondary"",""title"":""Uruguay Innovation Hub co-investment in TELL"",""url"":""https://www.aegu.org.uy/post/uruguay-innovation-hub-concret%C3%B3-su-segunda-coinversi%C3%B3n-cu%C3%A1l-fue-la-startup-seleccionada-para-recib""}]",2026-07-30,funds/chile/the-ganesha-fund.md,2026-07-27,2026-07-27,CC0-1.0
fund:the-yield-lab-latam,The Yield Lab LATAM,fund,The Yield Lab LATAM is an investment organization focused on Agri-food technology in Latin America.,[],,region,LATAM,"[""LATAM""]","[""pre_seed"",""seed""]","[""agri_food_technology""]",https://theyieldlablatam.com/,,"[{""kind"":""official_portfolio"",""title"":""Portfolio"",""url"":""https://theyieldlablatam.com/companies/atech/""},{""kind"":""official_portfolio"",""title"":""Portfolio"",""url"":""https://theyieldlablatam.com/pt-br/companies/tech/""},{""kind"":""official_portfolio"",""title"":""Portfolio"",""url"":""https://theyieldlablatam.com/es/companies/tech/""},{""kind"":""official_thesis"",""title"":""About or investment thesis"",""url"":""https://theyieldlablatam.com/about-us/""}]",2026-07-26,funds/regional/the-yield-lab-latam.md,2026-07-27,2026-07-27,CC0-1.0
fund:tm3-capital,TM3 Capital,fund,TM3 Capital is an investment organization listed in this directory; its current investment mandate could not be verified.,[],,country,BR,"[""NOT_DISCLOSED""]","[""not_disclosed""]","[""not_disclosed""]",,,"[{""kind"":""secondary"",""title"":""TM3 Capital — LinkedIn"",""url"":""https://www.linkedin.com/company/tm3capital/""}]",2026-07-26,funds/brazil/tm3-capital.md,2026-07-27,2026-07-27,CC0-1.0
fund:triaxis-capital,Triaxis Capital,fund,Triaxis Capital is a Brazilian venture capital manager investing in technology-based companies through dedicated investment vehicles.,[],,country,BR,"[""BR""]","[""not_disclosed""]","[""innovative_technology_based_companies""]",https://www.triaxiscapital.com/,https://www.triaxiscapital.com/#contato,"[{""kind"":""official_portfolio"",""title"":""Triaxis Capital website, thesis, and portfolio"",""url"":""https://www.triaxiscapital.com/""},{""kind"":""secondary"",""title"":""FIP Nordeste Capital Semente website"",""url"":""https://www.fipnordeste.com/""}]",2026-07-27,funds/brazil/triaxis-capital.md,2026-07-27,2026-07-27,CC0-1.0
fund:upload-ventures,Upload Ventures,fund,"Upload Ventures is a São Paulo-based venture capital fund investing in early and growth-stage companies across Latin America, including Brazil.",[],,country,BR,"[""BR"",""LATAM""]","[""multi_stage""]","[""not_disclosed""]",https://www.upload.ventures/,,"[{""kind"":""official_website"",""title"":""Upload Ventures company profile"",""url"":""https://www.linkedin.com/company/upload-ventures/""},{""kind"":""official_activity"",""title"":""BotCity funding announcement"",""url"":""https://blog.botcity.dev/pt-br/2025/09/30/levantamos-r-65-milhoes-para-governar-automacoes-criadas-por-ai/""},{""kind"":""official_activity"",""title"":""Neofin seed funding announcement"",""url"":""https://www.neofin.com.br/release/janeiro-2025""}]",2026-07-30,funds/brazil/upload-ventures.md,2026-07-27,2026-07-27,CC0-1.0
fund:utec-ventures,UTEC Ventures,fund,"UTEC Ventures is an investment organization focused on Science, technology, and deep tech in Peru and Latin America.",[],,region,LATAM,"[""LATAM"",""PE""]","[""pre_seed"",""seed""]","[""science"",""technology"",""deep_tech""]",https://utecventures.com/,https://utecventures.com/startups/aceleradora-uv,"[{""kind"":""official_portfolio"",""title"":""Portfolio"",""url"":""https://utecventures.com/portafolio""},{""kind"":""official_website"",""title"":""Official website and investment count"",""url"":""https://utecventures.com/""},{""kind"":""official_application"",""title"":""Accelerator and founder application route"",""url"":""https://utecventures.com/startups/aceleradora-uv""}]",2026-07-26,funds/regional/utec-ventures.md,2026-07-27,2026-07-27,CC0-1.0
fund:valor-capital-group,Valor Capital Group,fund,"Valor Capital Group is an investment organization focused on Technology in United States and Brazil, including Latin America.",[],,global,GLOBAL,"[""BR"",""LATAM"",""US""]","[""multi_stage""]","[""technology""]",https://www.valorcapitalgroup.com/,,"[{""kind"":""official_portfolio"",""title"":""Portfolio"",""url"":""https://www.valorcapitalgroup.com/companies""},{""kind"":""official_portfolio"",""title"":""Portfolio"",""url"":""https://valorcapitalgroup.com/companies/""},{""kind"":""official_portfolio"",""title"":""Portfolio"",""url"":""https://valorcapitalgroup.com/companies/?type=list&country=all""},{""kind"":""official_portfolio"",""title"":""Portfolio"",""url"":""https://valorcapitalgroup.com/companies/?type=&country=brazil""}]",2026-07-26,funds/multi-country/valor-capital-group.md,2026-07-27,2026-07-27,CC0-1.0
fund:valutia,Valutia,fund,Valutia is a Portugal-based investment firm that makes direct investments in entrepreneurs from Portugal and Brazil.,[],,country,PT,"[""PT"",""BR""]","[""not_disclosed""]","[""not_disclosed""]",https://www.valutia.com/,,"[{""kind"":""official_website"",""title"":""About Valutia"",""url"":""https://www.valutia.com/about""},{""kind"":""official_activity"",""title"":""Valutia — Wehandle funding round"",""url"":""https://br.linkedin.com/company/valutia""}]",2026-07-30,funds/multi-country/valutia.md,2026-07-27,2026-07-27,CC0-1.0
fund:velum-ventures,Velum Ventures,fund,Velum Ventures is an investment organization focused on Technology in Colombia and Latin America.,[],,region,LATAM,"[""CO"",""LATAM""]","[""seed""]","[""technology""]",https://www.linkedin.com/company/velum-ventures/,,"[{""kind"":""official_website"",""title"":""Secondary profile"",""url"":""https://www.linkedin.com/company/velum-ventures/""}]",2026-07-26,funds/regional/velum-ventures.md,2026-07-27,2026-07-27,CC0-1.0
fund:ventiur,Ventiur,fund,Ventiur is an investment organization focused on Technology startups in Brazil.,[],,country,BR,"[""BR""]","[""pre_seed"",""seed""]","[""technology_startups""]",https://ventiur.net/,https://ventiur.net/,"[{""kind"":""official_portfolio"",""title"":""Portfolio"",""url"":""https://ventiur.net/#portfolio""},{""kind"":""official_application"",""title"":""Investment thesis and startup route"",""url"":""https://ventiur.net/""},{""kind"":""official_website"",""title"":""Terms for startup applications"",""url"":""https://ventiur.net/termosdeuso""}]",2026-07-26,funds/brazil/ventiur.md,2026-07-27,2026-07-27,CC0-1.0
fund:venturance,Venturance,fund,Venturance is a Chile-based alternative asset manager investing in seed and Series A technology companies.,"[""Venturance Alternative Assets""]",,country,CL,"[""LATAM""]","[""seed"",""series_a""]","[""biotechnology"",""medical_devices"",""foodtech"",""agritech"",""retail_technology""]",https://venturance.cl/venture-capital/,,"[{""kind"":""official_portfolio"",""title"":""Venturance venture capital thesis and portfolio"",""url"":""https://venturance.cl/venture-capital/""},{""kind"":""official_website"",""title"":""Venturance official company site"",""url"":""https://venturance.cl/""}]",2026-07-30,funds/chile/venturance.md,2026-07-27,2026-07-27,CC0-1.0
fund:ventures-comfama,Ventures Comfama,fund,Ventures Comfama is Comfama's corporate investment vehicle for early-stage companies in Colombia.,[],,country,CO,"[""CO""]","[""not_disclosed""]","[""emerging_technologies"",""new_business_models_with_social_impact""]",https://www.comfama.com/,,"[{""kind"":""secondary"",""title"":""Comfama consolidated financial statements for 2025"",""url"":""https://serviciosenlinea.comfama.com/boletines/1/2026/correo24/EEFF_Consolidados_2025_VF.pdf""},{""kind"":""secondary"",""title"":""Comfama sustainability report for 2025"",""url"":""https://serviciosenlinea.comfama.com/boletines/1/2026/correo36/Informe_Sostenibilidad_Comfama_2025.pdf""},{""kind"":""official_website"",""title"":""Comfama innovation overview"",""url"":""https://www.comfama.com/sala-de-prensa/estamos-entre-las-empresas-mas-innovadoras/""}]",2026-07-27,funds/colombia/ventures-comfama.md,2026-07-27,2026-07-27,CC0-1.0
fund:veronorte,Veronorte,fund,Veronorte is a thesis-driven investment organization that backs venture funds and companies connected to sustainable development and wellbeing in Latin America.,[],,region,LATAM,"[""LATAM""]","[""multi_stage""]","[""sustainability"",""wellbeing""]",https://veronorte.com/,,"[{""kind"":""official_portfolio"",""title"":""Official investment model, thesis pillars, and highlighted portfolio companies"",""url"":""https://veronorte.com/""}]",2026-07-26,funds/regional/veronorte.md,2026-07-27,2026-07-27,CC0-1.0
fund:vibra-ventures,Vibra Ventures,fund,"Vibra Ventures is Vibra Energia's Brazil-based corporate venture capital fund, created in 2022 with a BRL 150 million capital commitment.",[],,country,BR,"[""BR""]","[""not_disclosed""]","[""not_disclosed""]",https://vibraenergia.com.br/,,"[{""kind"":""official_website"",""title"":""Vibra 2024 Integrated Report"",""url"":""https://vibraenergia.com.br/sites/default/files/2025-05/Relat%C3%B3rio%20Integrado_Vibra_2024_PTBR.pdf""},{""kind"":""official_activity"",""title"":""Vibra at Web Summit Rio 2026"",""url"":""https://www.vibraenergia.com.br/sites/default/files/2026-06/08.06.2026_Release%20Vibra%20no%20WebSummitRio2026_V4.docx_.pdf""}]",2026-07-30,funds/brazil/vibra-ventures.md,2026-07-27,2026-07-27,CC0-1.0
fund:vivo-ventures,Vivo Ventures,fund,Vivo Ventures is Vivo's corporate venture capital vehicle for later-stage strategic investments and is managed in coordination with Wayra Brasil.,[],,country,BR,"[""BR""]","[""series_a"",""series_b"",""growth""]","[""education"",""energy"",""health"",""financial_services"",""smart_home"",""entertainment""]",https://www.telefonica.com.br/inovacao,,"[{""kind"":""official_website"",""title"":""Vivo innovation, Wayra, and Vivo Ventures"",""url"":""https://www.telefonica.com.br/inovacao""},{""kind"":""official_activity"",""title"":""Vivo 2025 results and venture activity"",""url"":""https://www.telefonica.com.br/noticias/2026/fevereiro/lucro-da-vivo-em-2025""}]",2026-07-27,funds/brazil/vivo-ventures.md,2026-07-27,2026-07-27,CC0-1.0
fund:vox-capital,Vox Capital,fund,Vox Capital is a Brazilian impact-investment manager backing technology companies that combine scalable growth with measurable social or environmental outcomes.,[],,country,BR,"[""BR""]","[""seed"",""series_a"",""series_b""]","[""impact_technology""]",https://novo.voxcapital.com.br/,https://us-dealflow.edda.co/form/form-widget/embed/JHCd0OfYurL3mBrBzhsV/vox_capital,"[{""kind"":""official_thesis"",""title"":""Vox venture capital strategy"",""url"":""https://novo.voxcapital.com.br/venture-capital/""},{""kind"":""official_portfolio"",""title"":""Official portfolio"",""url"":""https://novo.voxcapital.com.br/portfolio/""},{""kind"":""official_thesis"",""title"":""Impact thesis"",""url"":""https://novo.voxcapital.com.br/impacto/""},{""kind"":""official_application"",""title"":""Startup submission"",""url"":""https://us-dealflow.edda.co/form/form-widget/embed/JHCd0OfYurL3mBrBzhsV/vox_capital""}]",2026-07-25,funds/brazil/vox-capital.md,2026-07-27,2026-07-27,CC0-1.0
fund:wayra,Wayra,fund,"Wayra is Telefónica's corporate venture capital and open-innovation platform, investing in startups that can generate strategic business with the group.",[],,global,GLOBAL,"[""BR"",""LATAM""]","[""multi_stage""]","[""strategic_technology""]",https://wayra.com/,https://wayra.com/investment,"[{""kind"":""official_thesis"",""title"":""About Wayra"",""url"":""https://wayra.com/about-us""},{""kind"":""official_application"",""title"":""Wayra investment strategy and startup submission"",""url"":""https://wayra.com/investment""},{""kind"":""official_website"",""title"":""Vivo Ventures"",""url"":""https://wayra.com/vivo-ventures""},{""kind"":""official_website"",""title"":""Íope Ventures"",""url"":""https://wayra.com/iope-ventures""}]",2026-07-25,funds/multi-country/wayra.md,2026-07-27,2026-07-27,CC0-1.0
fund:weboost,WeBoost,fund,WeBoost is a Chile-based venture capital firm helping technology startups scale across Latin America.,[],,country,CL,"[""LATAM""]","[""not_disclosed""]","[""technology"",""regional_scaling""]",https://weboost.vc/,https://weboost.vc/apply/,"[{""kind"":""official_thesis"",""title"":""WeBoost thesis and investment range"",""url"":""https://weboost.vc/""},{""kind"":""official_portfolio"",""title"":""WeBoost official portfolio"",""url"":""https://weboost.vc/portfolio/""},{""kind"":""official_application"",""title"":""WeBoost founder application"",""url"":""https://weboost.vc/apply/""},{""kind"":""official_activity"",""title"":""WeBoost current media and fund activity"",""url"":""https://weboost.vc/media/""}]",2026-07-30,funds/chile/weboost.md,2026-07-27,2026-07-27,CC0-1.0
fund:winnipeg-capital,Winnipeg Capital,fund,Winnipeg Capital is an investment organization focused on Scalable technology companies in Latin America.,[],,region,LATAM,"[""LATAM""]","[""not_disclosed""]","[""scalable_technology_companies""]",https://www.winnipegcapital.com/,https://www.winnipegcapital.com/en/contact/,"[{""kind"":""official_website"",""title"":""Fund website"",""url"":""https://www.winnipegcapital.com/en/deals/wc-startup-fund-i/""},{""kind"":""official_website"",""title"":""Fund website"",""url"":""https://www.winnipegcapital.com/deals/wcstartup-detail/""},{""kind"":""official_thesis"",""title"":""About or investment thesis"",""url"":""https://www.winnipegcapital.com/en/about-us/""},{""kind"":""official_application"",""title"":""Contact or application page"",""url"":""https://www.winnipegcapital.com/en/contact/""}]",2026-07-26,funds/regional/winnipeg-capital.md,2026-07-27,2026-07-27,CC0-1.0
fund:wollef-ventures-jaguar,Wollef Ventures (ex-Jaguar),fund,Wollef Ventures (ex-Jaguar) is an investment organization focused on Technology in Latin America.,"[""Jaguar""]",,region,LATAM,"[""LATAM""]","[""pre_seed"",""seed""]","[""technology""]",https://wollefvc.com/,https://wollefvc.com/contact,"[{""kind"":""official_portfolio"",""title"":""Portfolio"",""url"":""https://wollefvc.com/companies""},{""kind"":""official_application"",""title"":""Contact or application page"",""url"":""https://wollefvc.com/contact""}]",2026-07-26,funds/regional/wollef-ventures-jaguar.md,2026-07-27,2026-07-27,CC0-1.0
fund:worthit,Worthit,fund,Worthit is an investment organization focused on B2B SaaS and AI in Latin America.,[],,global,GLOBAL,"[""LATAM""]","[""pre_seed""]","[""b2b_saas"",""ai""]",https://www.worthit.vc/,,"[{""kind"":""official_website"",""title"":""Fund website"",""url"":""https://www.worthit.vc/""}]",2026-07-26,funds/multi-country/worthit.md,2026-07-27,2026-07-27,CC0-1.0
fund:xperiment-ventures,Xperiment Ventures,fund,Xperiment Ventures is an Argentina-based early-stage investor and venture studio focused on digitalizing and decarbonizing nature-based supply chains.,[],,region,LATAM,"[""AR"",""LATAM""]","[""not_disclosed""]","[""agriculture"",""food"",""natural_resources"",""bioeconomy"",""climate_technology""]",https://xperiment.co/,https://xperiment.co/ventures/,"[{""kind"":""official_thesis"",""title"":""Xperiment investment thesis"",""url"":""https://xperiment.co/""},{""kind"":""official_application"",""title"":""Xperiment Ventures"",""url"":""https://xperiment.co/ventures/""},{""kind"":""official_portfolio"",""title"":""Xperiment companies"",""url"":""https://xperiment.co/companies/""}]",2026-07-27,funds/regional/xperiment-ventures.md,2026-07-27,2026-07-27,CC0-1.0
fund:zacua-ventures,Zacua Ventures,fund,"Zacua Ventures is a global early-stage construction technology fund with a Mexico City presence, direct portfolio and public deck-submission route.",[],,global,GLOBAL,"[""GLOBAL"",""MX""]","[""not_disclosed""]","[""construction_technology"",""built_environment""]",https://zacuaventures.com/,https://zacuaventures.com/,"[{""kind"":""official_portfolio"",""title"":""Zacua Ventures"",""url"":""https://zacuaventures.com/""},{""kind"":""official_activity"",""title"":""Zacua Ventures launches scout program"",""url"":""https://zacuaventures.com/zacua-ventures-launches-scout-program/""}]",2026-07-30,funds/multi-country/zacua-ventures.md,2026-07-27,2026-07-27,CC0-1.0
funding_platform:a2censo,a2censo,funding_platform,"The platform provides a structured route for founders using these instruments: equity crowdfunding, debt crowdfunding.",[],Bolsa de Valores de Colombia S.A. (`op-a2censo`),country,CO,"[""CO""]","[""not_disclosed""]","[""not_disclosed""]",https://a2censo.com/,https://www.bvc.com.co/financia-tu-empresa-en-a2censo,"[{""kind"":""secondary"",""title"":""Birrería Macha lanza campaña de acciones en a2censo — Bolsa de Valores de Colombia"",""url"":""https://www.bvc.com.co/noticias/birreria-macha-lanza-campana-de-acciones-en-a2censo-para-impulsar-su-expansion-en-bogota-cmnqby2jg123l07isojj7h60l""},{""kind"":""official_regulator"",""title"":""Resoluciones 2025 — Superintendencia Financiera de Colombia"",""url"":""https://www.superfinanciera.gov.co/publicaciones/10115461/resoluciones-2025/""}]",2026-07-27,ecosystem/funding-platforms/colombia/a2censo.md,2026-07-27,2026-07-27,CC0-1.0
funding_platform:arkangeles,Arkangeles,funding_platform,The platform provides a structured route for founders using these instruments: equity crowdfunding.,[],"ANGELES EN ARK, S.A.P.I. DE C.V., Institución de Financiamiento Colectivo (`op-angeles-en-ark`)",country,MX,"[""CO"",""MX""]","[""not_disclosed""]","[""not_disclosed""]",https://arkangeles.com/,https://arkangeles.com/,"[{""kind"":""official_application"",""title"":""Arkangeles — Invierte en startups de Latinoamérica — Arkangeles"",""url"":""https://arkangeles.com/""},{""kind"":""secondary"",""title"":""Instituciones de Financiamiento Colectivo — Comisión Nacional Bancaria y de Valores"",""url"":""https://www.cnbv.gob.mx/Entidades-Autorizadas/Paginas/FinanciamientoColectivo.aspx""}]",2026-07-27,ecosystem/funding-platforms/mexico/arkangeles.md,2026-07-27,2026-07-27,CC0-1.0
funding_platform:broota,Broota,funding_platform,"The platform provides a structured route for founders using these instruments: equity crowdfunding, convertible instruments.",[],BROOTA PFC SpA (`op-broota`),country,CL,"[""CL""]","[""not_disclosed""]","[""not_disclosed""]",https://inversion.broota.com/,https://inversion.broota.com/levantar-capital/,"[{""kind"":""official_website"",""title"":""Preguntas frecuentes — Broota"",""url"":""https://inversion.broota.com/preguntas-frecuentes/""},{""kind"":""official_application"",""title"":""Levantar capital — Broota"",""url"":""https://inversion.broota.com/levantar-capital/""},{""kind"":""official_website"",""title"":""Blanco — Broota"",""url"":""https://inversion.broota.com/campaign/blanco/""}]",2026-07-27,ecosystem/funding-platforms/chile/broota.md,2026-07-27,2026-07-27,CC0-1.0
funding_platform:captable,Captable,funding_platform,"The platform provides a structured route for founders using these instruments: convertible instruments, debt crowdfunding, investor matching.",[],Captable Consultoria em Gestão Empresarial S/A (`op-captable`),country,BR,"[""BR""]","[""not_disclosed""]","[""not_disclosed""]",https://captable.com.br/,https://captable.com.br/quero-captar,"[{""kind"":""official_regulator"",""title"":""Cadastro de plataformas de crowdfunding — Comissão de Valores Mobiliários"",""url"":""https://dados.cvm.gov.br/dados/CROWDFUNDING/CAD/DADOS/cad_crowdfunding.zip""},{""kind"":""official_application"",""title"":""Quero captar - Captable — Captable"",""url"":""https://captable.com.br/quero-captar""}]",2026-07-27,ecosystem/funding-platforms/brazil/captable.md,2026-07-27,2026-07-27,CC0-1.0
funding_platform:crowder,Crowder,funding_platform,"The platform provides a structured route for founders using these instruments: equity crowdfunding, debt crowdfunding, convertible instruments.",[],CROWDER PLATAFORMA DE FINANCIAMIENTO COLECTIVO S.A. (`op-crowder-uruguay`),country,UY,"[""UY""]","[""not_disclosed""]","[""not_disclosed""]",https://crowder.fund/,https://docs.crowder.fund/d08efa00-6be6-431e-ace6-6377e1cd1cd0_Informaci__n_a_presentar_por_Emisores.pdf,"[{""kind"":""official_application"",""title"":""Información a presentar por emisores — Crowder"",""url"":""https://docs.crowder.fund/d08efa00-6be6-431e-ace6-6377e1cd1cd0_Informaci__n_a_presentar_por_Emisores.pdf""},{""kind"":""official_regulator"",""title"":""Información de institución 4261 — Banco Central del Uruguay"",""url"":""https://www.bcu.gub.uy/Servicios-Financieros-SSF/Paginas/InformacionInstitucion.aspx?nroinst=4261""},{""kind"":""official_regulator"",""title"":""Información de institución 4261 — Banco Central del Uruguay"",""url"":""https://www.bcu.gub.uy/Servicios-Financieros-SSF/Paginas/InformacionInstitucion.aspx?nroinst=4261""}]",2026-07-27,ecosystem/funding-platforms/uruguay/crowder.md,2026-07-27,2026-07-27,CC0-1.0
funding_platform:eqseed,EqSeed,funding_platform,The platform provides a structured route for founders using these instruments: convertible instruments.,[],EqSeed S.A. (`op-eqseed`),country,BR,"[""BR""]","[""not_disclosed""]","[""not_disclosed""]",https://eqseed.com/,https://eqseed.com/captar,"[{""kind"":""official_regulator"",""title"":""Cadastro de plataformas de crowdfunding — Comissão de Valores Mobiliários"",""url"":""https://dados.cvm.gov.br/dados/CROWDFUNDING/CAD/DADOS/cad_crowdfunding.zip""},{""kind"":""official_application"",""title"":""Captar Investimentos com a EqSeed — EqSeed"",""url"":""https://eqseed.com/captar""},{""kind"":""official_website"",""title"":""Investir - EqSeed — EqSeed"",""url"":""https://eqseed.com/investir""}]",2026-07-27,ecosystem/funding-platforms/brazil/eqseed.md,2026-07-27,2026-07-27,CC0-1.0
funding_platform:kria,Kria,funding_platform,"The platform provides a structured route for founders using these instruments: equity crowdfunding, debt crowdfunding.",[],KRIA INVESTIMENTOS LTDA. (`op-kria`),country,BR,"[""BR""]","[""not_disclosed""]","[""not_disclosed""]",https://www.kria.vc/,https://www.kria.vc/quero-captar,"[{""kind"":""official_regulator"",""title"":""Cadastro de plataformas de crowdfunding — Comissão de Valores Mobiliários"",""url"":""https://dados.cvm.gov.br/dados/CROWDFUNDING/CAD/DADOS/cad_crowdfunding.zip""},{""kind"":""official_application"",""title"":""Quero Captar - Kria — Kria"",""url"":""https://www.kria.vc/quero-captar""}]",2026-07-27,ecosystem/funding-platforms/brazil/kria.md,2026-07-27,2026-07-27,CC0-1.0
funding_platform:play-business,Play Business,funding_platform,The platform provides a structured route for founders using these instruments: revenue share.,[],"Play Business, S.A.P.I. de C.V., Institución de Financiamiento Colectivo (`op-play-business`)",country,MX,"[""MX""]","[""not_disclosed""]","[""not_disclosed""]",https://playbusiness.mx/,https://playbusiness.mx/paginas/makers_landing,"[{""kind"":""official_application"",""title"":""Makers — Play Business — Play Business"",""url"":""https://playbusiness.mx/paginas/makers_landing""},{""kind"":""secondary"",""title"":""Instituciones de Financiamiento Colectivo — Comisión Nacional Bancaria y de Valores"",""url"":""https://www.cnbv.gob.mx/Entidades-Autorizadas/Paginas/FinanciamientoColectivo.aspx""}]",2026-07-27,ecosystem/funding-platforms/mexico/play-business.md,2026-07-27,2026-07-27,CC0-1.0
funding_platform:smu,SMU,funding_platform,The platform provides a structured route for founders using these instruments: equity crowdfunding.,"[""Start Me Up""]",SMU Investimentos (`op-smu`),country,BR,"[""BR""]","[""not_disclosed""]","[""not_disclosed""]",https://smu.com.vc/,https://smu.com.vc/capte-conosco,"[{""kind"":""official_regulator"",""title"":""Cadastro de plataformas de crowdfunding — Comissão de Valores Mobiliários"",""url"":""https://dados.cvm.gov.br/dados/CROWDFUNDING/CAD/DADOS/cad_crowdfunding.zip""},{""kind"":""official_application"",""title"":""Capte conosco - SMU — SMU"",""url"":""https://smu.com.vc/capte-conosco""}]",2026-07-27,ecosystem/funding-platforms/brazil/smu.md,2026-07-27,2026-07-27,CC0-1.0
public_program:agroinnovatec,AgroInnovatec,public_program,"O PNUD registra edições em 2025 e 2026 e acesso a capital semente para as três melhores propostas, sem divulgar valor individual.",[],[Banco de Desarrollo Productivo](bdp-bolivia.md) (`agency-bdp-bolivia`),country,BO,"[""BO""]","[""not_applicable""]","[""entrepreneurship"",""innovation""]",https://www.undp.org/es/bolivia/noticias/agroinnovatec-2026,https://www.undp.org/es/bolivia/noticias/agroinnovatec-2026,"[{""kind"":""official_program"",""title"":""AgroInnovatec 2026"",""url"":""https://www.undp.org/es/bolivia/noticias/agroinnovatec-2026""}]",2026-07-27,ecosystem/public-programs/bolivia/agroinnovatec.md,2026-07-27,2026-07-27,CC0-1.0
public_program:ande,Agencia Nacional de Desarrollo,public_program,A ANDE opera o instrumento de capital semente por instituições parceiras.,"[""ANDE""]",,country,UY,"[""NOT_DISCLOSED""]","[""not_applicable""]","[""entrepreneurship"",""innovation""]",https://www.ande.org.uy/,https://www.ande.org.uy/convocatorias/item/semilla-ande-2026.html,"[{""kind"":""official_program"",""title"":""Semilla ANDE 2026"",""url"":""https://www.ande.org.uy/convocatorias/item/semilla-ande-2026.html""}]",2026-07-27,ecosystem/public-programs/uruguay/ande.md,2026-07-27,2026-07-27,CC0-1.0
public_program:anii,Agencia Nacional de Investigación e Innovación,public_program,A ANII lista rotas permanentes para empreendimentos inovadores e startups.,"[""ANII""]",,country,UY,"[""NOT_DISCLOSED""]","[""not_applicable""]","[""entrepreneurship"",""innovation""]",https://anii.org.uy/,https://anii.org.uy/apoyos/emprendimientos/,"[{""kind"":""official_program"",""title"":""Apoyos a emprendimientos"",""url"":""https://anii.org.uy/apoyos/emprendimientos/""}]",2026-07-27,ecosystem/public-programs/uruguay/anii.md,2026-07-27,2026-07-27,CC0-1.0
public_program:anii-coinversion-startups,Coinversión en Startups,public_program,Coinvestimento em startups junto a organizações de capital empreendedor ou investidores-anjo.,[],[Agencia Nacional de Investigación e Innovación](anii.md) (`agency-anii`),country,UY,"[""NOT_DISCLOSED""]","[""not_applicable""]","[""entrepreneurship"",""innovation""]",https://anii.org.uy/apoyos/emprendimientos/374/coinversion-en-startups-con-organizaciones-de-capital-emprendedor-e-inversores-angeles/,https://anii.org.uy/apoyos/emprendimientos/374/coinversion-en-startups-con-organizaciones-de-capital-emprendedor-e-inversores-angeles/,"[{""kind"":""official_program"",""title"":""Coinversión en Startups"",""url"":""https://anii.org.uy/apoyos/emprendimientos/374/coinversion-en-startups-con-organizaciones-de-capital-emprendedor-e-inversores-angeles/""}]",2026-07-27,ecosystem/public-programs/uruguay/anii-coinversion-startups.md,2026-07-27,2026-07-27,CC0-1.0
public_program:anii-emprendimientos-innovadores,Apoyo a Emprendimientos Innovadores,public_program,ANR de até 80% e UYU 3 milhões para empreendedores e empresas jovens inovadoras.,[],[Agencia Nacional de Investigación e Innovación](anii.md) (`agency-anii`),country,UY,"[""NOT_DISCLOSED""]","[""not_applicable""]","[""entrepreneurship"",""innovation""]",https://anii.org.uy/apoyos/emprendimientos/49/apoyo-a-emprendimientos-innovadores/,https://anii.org.uy/apoyos/emprendimientos/49/apoyo-a-emprendimientos-innovadores/,"[{""kind"":""official_program"",""title"":""Apoyo a Emprendimientos Innovadores"",""url"":""https://anii.org.uy/apoyos/emprendimientos/49/apoyo-a-emprendimientos-innovadores/""}]",2026-07-27,ecosystem/public-programs/uruguay/anii-emprendimientos-innovadores.md,2026-07-27,2026-07-27,CC0-1.0
public_program:anii-validacion-ideas,Validación de Ideas de Negocios,public_program,Ventanilla permanente para validar ideias de negócio inovadoras.,[],[Agencia Nacional de Investigación e Innovación](anii.md) (`agency-anii`),country,UY,"[""NOT_DISCLOSED""]","[""not_applicable""]","[""entrepreneurship"",""innovation""]",https://anii.org.uy/apoyos/emprendimientos/51/validacion-de-ideas-de-negocios/,https://anii.org.uy/apoyos/emprendimientos/51/validacion-de-ideas-de-negocios/,"[{""kind"":""official_program"",""title"":""Validación de Ideas de Negocios"",""url"":""https://anii.org.uy/apoyos/emprendimientos/51/validacion-de-ideas-de-negocios/""}]",2026-07-27,ecosystem/public-programs/uruguay/anii-validacion-ideas.md,2026-07-27,2026-07-27,CC0-1.0
public_program:bdp-bolivia,Banco de Desarrollo Productivo,public_program,O BDP administra uma rota financeira oficial destinada expressamente a startups bolivianas.,"[""BDP-SAM""]",,country,BO,"[""BO""]","[""not_applicable""]","[""entrepreneurship"",""innovation""]",https://www.bdp.com.bo/,https://www.bdp.com.bo/fondo-startup/,"[{""kind"":""official_program"",""title"":""Fondo Startup"",""url"":""https://www.bdp.com.bo/fondo-startup/""}]",2026-07-27,ecosystem/public-programs/bolivia/bdp-bolivia.md,2026-07-27,2026-07-27,CC0-1.0
public_program:bdp-fondo-startup,Fondo de Capital de Riesgo para Emprendimientos Innovadores,public_program,"A página vigente oferece capital de risco direto ou indireto a startups bolivianas inovadoras ligadas a exportações ou substituição de importações, informa condições financeiras e mantém documentos do fundo referentes a 2025.","[""Fondo Startup"",""BDP Fondo Startup""]",[Banco de Desarrollo Productivo](bdp-bolivia.md) (`agency-bdp-bolivia`),country,BO,"[""BO""]","[""not_applicable""]","[""entrepreneurship"",""innovation""]",https://www.bdp.com.bo/fondo-startup/,https://www.bdp.com.bo/fondo-startup/,"[{""kind"":""official_program"",""title"":""Fondo Startup"",""url"":""https://www.bdp.com.bo/fondo-startup/""}]",2026-07-27,ecosystem/public-programs/bolivia/bdp-fondo-startup.md,2026-07-27,2026-07-27,CC0-1.0
public_program:bndes,Banco Nacional de Desenvolvimento Econômico e Social,public_program,O BNDES identifica startups de inovação climática entre os clientes e oferece rota oficial de solicitação de financiamento.,"[""BNDES""]",,country,BR,"[""BR""]","[""not_applicable""]","[""entrepreneurship"",""innovation""]",https://www.bndes.gov.br/,https://www.bndes.gov.br/wps/portal/site/home/financiamento/produto/fundo-clima/servicos-inovacao-verdes,"[{""kind"":""official_program"",""title"":""Fundo Clima - Serviços e inovação verdes"",""url"":""https://www.bndes.gov.br/wps/portal/site/home/financiamento/produto/fundo-clima/servicos-inovacao-verdes""}]",2026-07-27,ecosystem/public-programs/brazil/bndes.md,2026-07-27,2026-07-27,CC0-1.0
public_program:bndes-fundo-clima-servicos-inovacao-verdes,Fundo Clima - Serviços e Inovação Verdes,public_program,"A modalidade oferece financiamento a pessoas jurídicas, inclui startups de inovação climática e mantém solicitação pelo Portal do Cliente; informa mínimo de R$ 20 milhões, máximo de R$ 500 milhões e participação do BNDES de até 80%.",[],[Banco Nacional de Desenvolvimento Econômico e Social](bndes.md) (`agency-bndes`),country,BR,"[""BR""]","[""not_applicable""]","[""entrepreneurship"",""innovation""]",https://www.bndes.gov.br/wps/portal/site/home/financiamento/produto/fundo-clima/servicos-inovacao-verdes,https://www.bndes.gov.br/wps/portal/site/home/financiamento/produto/fundo-clima/servicos-inovacao-verdes,"[{""kind"":""official_program"",""title"":""Fundo Clima - Serviços e inovação verdes"",""url"":""https://www.bndes.gov.br/wps/portal/site/home/financiamento/produto/fundo-clima/servicos-inovacao-verdes""}]",2026-07-27,ecosystem/public-programs/brazil/bndes-fundo-clima-servicos-inovacao-verdes.md,2026-07-27,2026-07-27,CC0-1.0
public_program:bndes-garagem,BNDES Garagem,public_program,A página oficial prevê cem negócios por ano até 2028 e distribui R$ 915 mil em premiações no ciclo.,[],[Banco Nacional de Desenvolvimento Econômico e Social](bndes.md) (`agency-bndes`),country,BR,"[""BR""]","[""not_applicable""]","[""entrepreneurship"",""innovation""]",https://garagem.bndes.gov.br/,https://garagem.bndes.gov.br/,"[{""kind"":""official_program"",""title"":""BNDES Garagem"",""url"":""https://garagem.bndes.gov.br/""}]",2026-07-27,ecosystem/public-programs/brazil/bndes-garagem.md,2026-07-27,2026-07-27,CC0-1.0
public_program:brde,Banco Regional de Desenvolvimento do Extremo Sul,public_program,O banco público opera a sétima edição de uma rota recorrente para startups.,[],,country,BR,"[""BR""]","[""not_applicable""]","[""entrepreneurship"",""innovation""]",https://brde.com.br/,https://brde.com.br/noticia/brde-labs-rs-2026-esta-com-inscricoes-abertas/,"[{""kind"":""official_program"",""title"":""BRDE Labs RS 2026"",""url"":""https://brde.com.br/noticia/brde-labs-rs-2026-esta-com-inscricoes-abertas/""}]",2026-07-27,ecosystem/public-programs/brazil/brde.md,2026-07-27,2026-07-27,CC0-1.0
public_program:brde-labs-rs,BRDE Labs RS,public_program,A sétima edição seleciona startups da Região Sul e distribui R$ 261 mil em prêmios.,[],[Banco Regional de Desenvolvimento do Extremo Sul](brde.md) (`agency-brde`),country,BR,"[""BR""]","[""not_applicable""]","[""entrepreneurship"",""innovation""]",https://brde.com.br/noticia/brde-labs-rs-2026-esta-com-inscricoes-abertas/,https://brde.com.br/noticia/brde-labs-rs-2026-esta-com-inscricoes-abertas/,"[{""kind"":""official_program"",""title"":""BRDE Labs RS 2026"",""url"":""https://brde.com.br/noticia/brde-labs-rs-2026-esta-com-inscricoes-abertas/""}]",2026-07-27,ecosystem/public-programs/brazil/brde-labs-rs.md,2026-07-27,2026-07-27,CC0-1.0
public_program:conquito,Corporación de Promoción Económica ConQuito,public_program,ConQuito opera a rota municipal de capital semente para empreendimentos dinâmicos domiciliados no Distrito Metropolitano de Quito.,"[""ConQuito""]",,country,EC,"[""EC""]","[""not_applicable""]","[""entrepreneurship"",""innovation""]",https://www.conquito.org.ec/,https://www.conquito.org.ec/fonquito-2026/,"[{""kind"":""official_program"",""title"":""FonQuito 2026"",""url"":""https://www.conquito.org.ec/fonquito-2026/""}]",2026-07-27,ecosystem/public-programs/ecuador/conquito.md,2026-07-27,2026-07-27,CC0-1.0
public_program:conquito-fonquito,FonQuito,public_program,"A página mantém o processo 2026 em execução após o fechamento das inscrições, prevê seleção em julho e agosto e desembolso a partir de setembro; o nome e a edição anual confirmam a rota recorrente.","[""Fondo de Emprendimiento de la Ciudad""]",[Corporación de Promoción Económica ConQuito](conquito.md) (`agency-conquito`),country,EC,"[""EC""]","[""not_applicable""]","[""entrepreneurship"",""innovation""]",https://www.conquito.org.ec/fonquito-2026/,https://www.conquito.org.ec/fonquito-2026/,"[{""kind"":""official_program"",""title"":""FonQuito 2026"",""url"":""https://www.conquito.org.ec/fonquito-2026/""},{""kind"":""official_program"",""title"":""FonQuito amplía plazo de postulación para capital semilla"",""url"":""https://www.quitoinforma.gob.ec/2025/05/19/atencion-emprendedores-fonquito-amplia-plazo-de-postulacion-para-capital-semilla/""}]",2026-07-27,ecosystem/public-programs/ecuador/conquito-fonquito.md,2026-07-27,2026-07-27,CC0-1.0
public_program:corfo,Corporación de Fomento de la Producción,public_program,A iniciativa da CORFO mantém uma rota explícita para startups tecnológicas escaláveis.,"[""CORFO""]",,country,CL,"[""CL""]","[""not_applicable""]","[""entrepreneurship"",""innovation""]",https://www.corfo.cl/,https://startupchile.org/en/apply/,"[{""kind"":""official_program"",""title"":""Apply to Start-Up Chile"",""url"":""https://startupchile.org/en/apply/""}]",2026-07-27,ecosystem/public-programs/chile/corfo.md,2026-07-27,2026-07-27,CC0-1.0
public_program:corfo-semilla-inicia-mujeres,Semilla Inicia para Empresas Lideradas por Mujeres,public_program,A página lista edições anuais de 2021 a 2025 e cofinanciamento não reembolsável de até CLP 17 milhões.,[],[Corporación de Fomento de la Producción](corfo.md) (`agency-corfo`),country,CL,"[""CL""]","[""not_applicable""]","[""entrepreneurship"",""innovation""]",https://www.corfo.cl/sites/cpp/movil/semilla-inicia-mujer,https://www.corfo.cl/sites/cpp/movil/semilla-inicia-mujer,"[{""kind"":""official_program"",""title"":""Semilla Inicia para Empresas Lideradas por Mujeres"",""url"":""https://www.corfo.cl/sites/cpp/movil/semilla-inicia-mujer""}]",2026-07-27,ecosystem/public-programs/chile/corfo-semilla-inicia-mujeres.md,2026-07-27,2026-07-27,CC0-1.0
public_program:fapesp,Fundação de Amparo à Pesquisa do Estado de São Paulo,public_program,A FAPESP mantém o PIPE como rota oficial de apoio financeiro a pequenas empresas inovadoras no estado de São Paulo.,"[""FAPESP""]",,country,BR,"[""BR""]","[""not_applicable""]","[""entrepreneurship"",""innovation""]",https://fapesp.br/,https://fapesp.br/pipe/,"[{""kind"":""official_program"",""title"":""PIPE - Pesquisa Inovativa em Pequenas Empresas"",""url"":""https://fapesp.br/pipe/""}]",2026-07-27,ecosystem/public-programs/brazil/fapesp.md,2026-07-27,2026-07-27,CC0-1.0
public_program:fapesp-pipe,Pesquisa Inovativa em Pequenas Empresas,public_program,"A FAPESP informa que recebe propostas PIPE Fase 1, Fase 2 e PIPE Invest em fluxo contínuo ao longo do ano e divulga limites de até R$ 300 mil e R$ 1,5 milhão conforme a fase.","[""PIPE""]",[Fundação de Amparo à Pesquisa do Estado de São Paulo](fapesp.md) (`agency-fapesp`),country,BR,"[""BR""]","[""not_applicable""]","[""entrepreneurship"",""innovation""]",https://fapesp.br/pipe/,https://fapesp.br/pipe/faq,"[{""kind"":""official_program"",""title"":""Perguntas frequentes - PIPE"",""url"":""https://fapesp.br/pipe/faq""}]",2026-07-27,ecosystem/public-programs/brazil/fapesp-pipe.md,2026-07-27,2026-07-27,CC0-1.0
public_program:finep,Financiadora de Estudos e Projetos,public_program,"A Finep mantém uma rota recorrente para startups lideradas por mulheres, com premiação financeira e sete edições até 2026.","[""Finep""]",,country,BR,"[""BR""]","[""not_applicable""]","[""entrepreneurship"",""innovation""]",https://www.finep.gov.br/,https://www.finep.gov.br/chamadas-publicas/chamadapublica/781,"[{""kind"":""official_program"",""title"":""Prêmio Mulheres Inovadoras 7ª Edição — 2026"",""url"":""https://www.finep.gov.br/chamadas-publicas/chamadapublica/781""}]",2026-07-27,ecosystem/public-programs/brazil/finep.md,2026-07-27,2026-07-27,CC0-1.0
public_program:finep-mulheres-inovadoras,Programa Mulheres Inovadoras,public_program,"A página permanente registra a sétima edição, seis edições anteriores e prêmios de R$ 60 mil a R$ 120 mil.",[],[Financiadora de Estudos e Projetos](finep.md) (`agency-finep`),country,BR,"[""BR""]","[""not_applicable""]","[""entrepreneurship"",""innovation""]",https://www.finep.gov.br/chamadas-publicas/chamadapublica/781,https://www.finep.gov.br/chamadas-publicas/chamadapublica/781,"[{""kind"":""official_program"",""title"":""Prêmio Mulheres Inovadoras 7ª Edição — 2026"",""url"":""https://www.finep.gov.br/chamadas-publicas/chamadapublica/781""}]",2026-07-27,ecosystem/public-programs/brazil/finep-mulheres-inovadoras.md,2026-07-27,2026-07-27,CC0-1.0
public_program:proinnovate,Programa Nacional de Innovación y Desarrollo Productivo,public_program,"ProInnóvate, programa do Ministério da Produção, mantém uma rota nacional específica de capital semente para startups e sinais operacionais atuais.","[""ProInnóvate""]",,country,PE,"[""PE""]","[""not_applicable""]","[""entrepreneurship"",""innovation""]",https://www.gob.pe/proinnovate,https://www.gob.pe/institucion/proinnovate/campa%C3%B1as/4434-startup-peru,"[{""kind"":""official_program"",""title"":""Programa Nacional de Innovación y Desarrollo Productivo - ProInnóvate"",""url"":""https://www.gob.pe/proinnovate""}]",2026-07-27,ecosystem/public-programs/peru/proinnovate.md,2026-07-27,2026-07-27,CC0-1.0
public_program:proinnovate-startup-peru,StartUp Perú,public_program,"A página atualizada em março de 2026 define a iniciativa nacional, confirma cofinanciamento com capital semente e lista múltiplas modalidades da 13ª geração, comprovando recorrência recente.",[],[Programa Nacional de Innovación y Desarrollo Productivo](proinnovate.md) (`agency-proinnovate`),country,PE,"[""PE""]","[""not_applicable""]","[""entrepreneurship"",""innovation""]",https://www.gob.pe/institucion/proinnovate/campa%C3%B1as/4434-startup-peru,https://startup.proinnovate.gob.pe/concursos/emprendimientos-innovadores/,"[{""kind"":""official_program"",""title"":""StartUp Perú"",""url"":""https://www.gob.pe/institucion/proinnovate/campa%C3%B1as/4434-startup-peru""}]",2026-07-27,ecosystem/public-programs/peru/proinnovate-startup-peru.md,2026-07-27,2026-07-27,CC0-1.0
public_program:sebrae,Serviço Brasileiro de Apoio às Micro e Pequenas Empresas,public_program,A página do Sebrae destina o programa a startups e direciona a um formulário oficial ativo de entrada.,"[""Sebrae""]",,country,BR,"[""BR""]","[""not_applicable""]","[""entrepreneurship"",""innovation""]",https://sebrae.com.br/,https://meuatendimento.sebrae.com.br/sites/PortalSebrae/sebraetec/negociosinovadores,"[{""kind"":""official_program"",""title"":""Negócios Inovadores"",""url"":""https://meuatendimento.sebrae.com.br/sites/PortalSebrae/sebraetec/negociosinovadores""}]",2026-07-27,ecosystem/public-programs/brazil/sebrae.md,2026-07-27,2026-07-27,CC0-1.0
public_program:sebraetec-negocios-inovadores,Sebraetec Negócios Inovadores,public_program,"O Sebraetec atende startups em vários estágios, subsidia até 90% do serviço tecnológico e mantém formulário oficial para empresas com CNPJ; o percentual varia por estado.",[],[Serviço Brasileiro de Apoio às Micro e Pequenas Empresas](sebrae.md) (`agency-sebrae`),country,BR,"[""BR""]","[""not_applicable""]","[""entrepreneurship"",""innovation""]",https://meuatendimento.sebrae.com.br/sites/PortalSebrae/sebraetec/negociosinovadores,https://cloud.cliente.sebrae.com.br/sebraetecinovacao,"[{""kind"":""official_program"",""title"":""Negócios Inovadores"",""url"":""https://meuatendimento.sebrae.com.br/sites/PortalSebrae/sebraetec/negociosinovadores""}]",2026-07-27,ecosystem/public-programs/brazil/sebraetec-negocios-inovadores.md,2026-07-27,2026-07-27,CC0-1.0
public_program:secihti,"Secretaría de Ciencia, Humanidades, Tecnología e Innovación",public_program,La Secretaría convoca directamente a micro y pequeñas empresas de base científica y tecnológica y recibe propuestas en su plataforma institucional.,"[""SECIHTI"",""Secihti""]",,country,MX,"[""MX""]","[""not_applicable""]","[""entrepreneurship"",""innovation""]",https://secihti.mx/,https://www.secihti.mx/convocatoria_categoria/desarrollo-tecnologico-vinculacion-e-innovacion/,"[{""kind"":""official_program"",""title"":""Proyectos de desarrollo tecnológico, innovación y fortalecimiento de infraestructura 2026"",""url"":""https://secihti.mx/wp-content/uploads/2026/03/Convocatoria_2026_SDTVI-20260325T144042.pdf""}]",2026-07-27,ecosystem/public-programs/mexico/secihti.md,2026-07-27,2026-07-27,CC0-1.0
public_program:secihti-desarrollo-tecnologico-innovacion,"Proyectos de Desarrollo Tecnológico, Innovación y Fortalecimiento de Infraestructura",public_program,El programa otorga apoyos públicos a micro y pequeñas empresas científicas y tecnológicas; los montos y aportaciones concurrentes dependen del capítulo y sus términos de referencia.,"[""Programa Presupuestario F003""]","[Secretaría de Ciencia, Humanidades, Tecnología e Innovación](secihti.md) (`agency-secihti`)",country,MX,"[""MX""]","[""not_applicable""]","[""entrepreneurship"",""innovation""]",https://www.secihti.mx/convocatoria_categoria/desarrollo-tecnologico-vinculacion-e-innovacion/,https://proyectos.secihti.mx/,"[{""kind"":""official_program"",""title"":""Proyectos de desarrollo tecnológico, innovación y fortalecimiento de infraestructura 2026"",""url"":""https://secihti.mx/wp-content/uploads/2026/03/Convocatoria_2026_SDTVI-20260325T144042.pdf""},{""kind"":""official_program"",""title"":""Convocatorias de Desarrollo Tecnológico, Vinculación e Innovación"",""url"":""https://www.secihti.mx/convocatoria_categoria/desarrollo-tecnologico-vinculacion-e-innovacion/""}]",2026-07-27,ecosystem/public-programs/mexico/secihti-desarrollo-tecnologico-innovacion.md,2026-07-27,2026-07-27,CC0-1.0
public_program:semilla-ande-2026,Semilla ANDE 2026,public_program,"ANR de até UYU 1 milhão, execução de 12 meses e ventanilla com cortes periódicos.",[],[Agencia Nacional de Desarrollo](ande.md) (`agency-ande`),country,UY,"[""NOT_DISCLOSED""]","[""not_applicable""]","[""entrepreneurship"",""innovation""]",https://www.ande.org.uy/convocatorias/item/semilla-ande-2026.html,https://www.ande.org.uy/convocatorias/item/semilla-ande-2026.html,"[{""kind"":""official_program"",""title"":""Semilla ANDE 2026"",""url"":""https://www.ande.org.uy/convocatorias/item/semilla-ande-2026.html""}]",2026-07-27,ecosystem/public-programs/uruguay/semilla-ande-2026.md,2026-07-27,2026-07-27,CC0-1.0
public_program:start-up-chile,Start-Up Chile,public_program,A nova geração BIG 12 foi anunciada em julho de 2026 após nova seleção internacional.,[],[Corporación de Fomento de la Producción](corfo.md) (`agency-corfo`),country,CL,"[""CL""]","[""not_applicable""]","[""entrepreneurship"",""innovation""]",https://startupchile.org/en/apply/,https://startupchile.org/en/apply/,"[{""kind"":""official_program"",""title"":""BIG 12: get to know the new batch"",""url"":""https://startupchile.org/en/blog/big-12-get-to-know-the-new-batch/""}]",2026-07-27,ecosystem/public-programs/chile/start-up-chile.md,2026-07-27,2026-07-27,CC0-1.0
